"plant_id","treatment","id","leaf_temp","Tleaf_mean","Tleaf_sd","Tleaf_min","Tleaf_max","Tk","obs_vcmax","obs_jmax","obs_Vcmax25","obs_Jmax25","n_Aci_points","Tleaf_range"
"100D",30,"100D_15",15,20.4091479992721,0.174851923318201,20.2406071428571,20.8246566666667,293.559147999272,33.0158377205879,76.1539613014258,55.6027810726529,95.83998447144,96,0.5840495238096
"100D",30,"100D_20",20,23.7692728820854,0.275898524784725,23.5044407407407,24.4056633333333,296.919272882085,50.9113842987963,98.120797445764,58.4541157795864,104.012205258209,96,0.9012225925926
"100D",30,"100D_25",25,26.5265904219274,0.0292656554973684,26.4927178571429,26.59655,299.676590421927,62.8395265044556,112.87515235015,53.0265794533677,105.526085676024,96,0.103832142857101
"100D",30,"100D_30",30,29.8850059562617,0.170457211581835,29.6646928571429,30.1848464285714,303.035005956262,85.6330473417591,133.291636633289,50.0374035711847,110.725536663402,96,0.520153571428501
"100D",30,"100D_35",35,33.106040308005,0.147091979220471,32.9103555555556,33.3821571428571,306.256040308005,110.153020949936,129.638152190248,45.5890014892497,102.700586121545,96,0.471801587301506
"101D",30,"101D_15",15,25.4031069405811,0.059411104151091,25.3295076923077,25.5808153846154,298.553106940581,150.700888137769,208.167648878191,144.069205340984,204.377328674577,96,0.251307692307698
"101D",30,"101D_20",20,26.9630799253091,0.118375980342625,26.7976692307692,27.2413615384615,300.113079925309,172.453714459386,230.782968415304,138.671530791624,211.910686391676,96,0.443692307692302
"101D",30,"101D_25",25,29.433413093378,0.171396513492987,29.239725,29.8808307692308,302.583413093378,201.979207822923,247.630617852347,123.941179164271,208.336526290511,96,0.641105769230801
"101D",30,"101D_30",30,31.1753416237885,0.183054707593354,30.9819769230769,31.6541615384615,304.325341623789,225.297096250641,257.482559458912,114.557366241908,207.774408495752,96,0.672184615384602
"101D",30,"101D_35",35,32.8759235950855,0.0985609234804957,32.7557461538462,33.1098769230769,306.025923595085,265.590499413895,281.377766804341,112.63487250542,222.990266886294,96,0.3541307692307
"101D",30,"101D_40",40,35.6952134588198,0.175432794186904,35.4482125,36.1557230769231,308.84521345882,330.434317246602,306.449246730345,104.185694977868,252.135477911536,96,0.707510576923106
"102D",30,"102D_15",15,21.0146261448779,0.125238507958214,20.872037037037,21.268035483871,294.164626144878,61.5945847777261,120.612729594776,96.7511642052856,147.015896655562,96,0.395998446834
"102D",30,"102D_20",20,24.2573604261723,0.0540481374696004,24.1846464285714,24.3433166666667,297.407360426172,87.3701339868921,146.450662554276,94.9529838122587,151.639388258538,96,0.158670238095297
"102D",30,"102D_25",25,27.227501018928,0.0535346413306548,27.1063419354839,27.3144928571429,300.377501018928,112.40787348272,173.6003822189,87.7914542331254,157.726453894342,96,0.208150921658998
"102D",30,"102D_30",30,29.8765451669029,0.0312939493877356,29.8301857142857,29.9440214285714,303.026545166903,162.571523013524,217.125936789517,95.0813833763899,180.40770732658,96,0.113835714285699
"102D",30,"102D_35",35,32.4426467280343,0.0576509801555069,32.3698518518518,32.6225642857143,305.592646728034,200.806640859265,240.869659845569,89.1730725937588,191.291269340495,96,0.252712433862499
"102D",30,"102D_40",40,35.2717441719246,0.170781402695485,35.0778703703704,35.6673964285714,308.421744171925,243.469523892375,264.768150183956,80.2332246239997,215.258674663662,96,0.589526058201002
"103D",30,"103D_15",15,22.9920970628469,0.523969651433334,22.1924230769231,23.93585625,296.142097062847,94.6594892052923,158.721922223013,118.661539043493,174.817644630973,97,1.7434331730769
"103D",30,"103D_20",20,25.1466119162324,0.166454675742127,24.9564307692308,25.4614384615385,298.296611916232,131.247975797813,196.65868433325,129.115392260949,195.33990347119,97,0.5050076923077
"103D",30,"103D_25",25,27.6122122405687,0.0939441936387699,27.5082230769231,27.7937266666667,300.762212240569,154.636558935246,220.699806211935,115.768195835065,197.546539513948,97,0.285503589743598
"103D",30,"103D_30",30,30.7555228288207,0.291060917143312,30.4441076923077,31.3485875,303.905522828821,200.168356444532,242.680466383526,106.476438523267,197.434380123567,97,0.904479807692301
"103D",30,"103D_35",35,32.5104089167705,0.104145402524131,32.4136692307692,32.7944916666667,305.66040891677,206.286181004831,244.603437621536,90.9483646438957,194.169057046589,97,0.3808224358975
"103D",30,"103D_40",40,35.587328979929,0.305782791303211,35.2098076923077,36.1560538461538,308.737328979929,243.131196915882,256.327757319444,77.5258804479516,210.20909153696,97,0.946246153846104
"104D",30,"104D_15",15,19.8960951448234,0.0353055879627003,19.8582071428571,19.9849833333333,293.046095144823,71.3747232523644,150.503532978025,127.543345431434,194.665497129851,96,0.1267761904762
"104D",30,"104D_20",20,23.2681090105154,0.120438850881985,23.1326928571429,23.5387129032258,296.418109010515,101.968424856714,184.921288367615,123.891441368352,200.900417314895,96,0.406020046082901
"104D",30,"104D_25",25,26.6970635497178,0.115458776665854,26.5774222222222,26.9485548387097,299.847063549718,144.420553902731,220.942329504653,119.591940560607,205.09582600744,96,0.3711326164875
"104D",30,"104D_30",30,29.582273867979,0.0737451972463963,29.4672037037037,29.7452928571429,302.732273867979,182.937173177555,248.141921378026,110.458039611761,207.86700205859,96,0.2780891534392
"104D",30,"104D_35",35,33.1167866519948,0.170589771715137,32.93523,33.5187703703704,306.266786651995,247.700947098594,269.892908278739,102.399270999565,213.81101067613,96,0.5835403703704
"104D",30,"104D_40",40,35.514861536815,0.788865677212116,33.8164387096774,36.4341333333333,308.664861536815,283.165043913148,297.360734868659,90.9761593850584,243.346150752019,96,2.6176946236559
"105D",30,"105D_15",15,24.7267273128847,0.105587038599892,24.5949076923077,24.9041375,297.876727312885,102.703010857214,149.836287637844,105.891937565792,151.747250388688,97,0.309229807692301
"105D",30,"105D_20",20,26.8341224029965,0.35381189869784,26.1596133333333,27.3818538461538,299.984122402996,98.3408267795038,143.685614195225,80.210383203134,132.630032965399,97,1.2222405128205
"105D",30,"105D_25",25,29.1754701932139,0.1230594004047,29.00318,29.4785615384615,302.325470193214,147.602785327988,179.785248944022,93.1478581522196,152.437880462651,96,0.475381538461498
"105D",30,"105D_30",30,31.3687645062498,0.0864571913092266,31.1945625,31.5733769230769,304.51876450625,191.151353507619,203.034116365148,95.2000075669542,163.296604598662,97,0.3788144230769
"105D",30,"105D_35",35,32.8517511997768,0.169641951990418,32.6636384615385,33.3069769230769,306.001751199777,190.669916922558,195.57375292667,81.0693247518365,155.001775425748,96,0.643338461538406
"105D",30,"105D_40",40,34.2642401470448,0.129843490466508,34.0749769230769,34.4785153846154,307.414240147045,293.150493247673,261.937945337848,107.364596465114,208.947571577149,192,0.403538461538496
"106D",30,"106D_15",15,23.6907478216929,0.195138248586186,23.4923230769231,24.1072076923077,296.840747821693,88.6580627921803,137.062681980289,102.698370296467,145.848458308212,97,0.6148846153846
"106D",30,"106D_20",20,26.8374780000755,0.305603773288863,26.4686153846154,27.50859375,299.987478000075,137.853512313986,168.09046475561,112.396721491511,155.135804356614,97,1.0399783653846
"106D",30,"106D_25",25,28.2957192954918,0.067815230040883,28.16794375,28.4377,301.445719295492,131.686015798883,163.249029058538,91.4702696420217,142.505561053144,96,0.26975625
"106D",30,"106D_30",30,31.419306113162,0.113691367204295,31.2865615384615,31.74105,304.569306113162,165.59327352298,159.557789180847,82.0257913809171,128.224821993728,96,0.454488461538503
"106D",30,"106D_35",35,33.8617798935086,0.29334914414257,33.3738333333333,34.4104923076923,307.011779893509,186.470649449685,167.878252542388,71.2499842303747,133.366053314227,97,1.036658974359
"106D",30,"106D_40",40,34.760230966928,0.500180643608791,34.19146,35.9125153846154,307.910230966928,204.665019209349,182.689281789108,71.1540217040394,146.865710455722,96,1.7210553846154
"107D",30,"107D_20",20,26.8596408834636,0.315289524848347,26.4266846153846,27.5198125,300.009640883464,134.413762784072,133.226427095615,109.324310135051,122.847394636189,97,1.0931278846154
"107D",30,"107D_25",25,28.6773150221857,0.118143106215016,28.5381846153846,28.9494833333333,301.827315022186,116.591186853921,132.199103533199,77.6792700431912,113.899875541743,97,0.4112987179487
"107D",30,"107D_40",40,34.9211305082895,0.392758408711598,34.4715692307692,35.6514866666667,308.071130508289,589.899682172346,177.219537824931,201.657065490976,142.921755024651,96,1.1799174358975
"108D",30,"108D_15",15,21.1684657618124,0.0659076424379248,21.0867642857143,21.2895555555556,294.318465761812,53.9184113682085,105.783018094294,83.2112432273169,127.904773897698,192,0.202791269841303
"108D",30,"108D_20",20,24.348869630586,0.0711204453089125,24.2459964285714,24.4981925925926,297.498869630586,80.9933985646037,130.378620866602,87.1227490347501,134.411553352386,192,0.2521961640212
"108D",30,"108D_25",25,28.2586238712473,0.168189673533442,28.1235222222222,28.6511161290323,301.408623871247,169.48753046464,182.636948810416,118.206159814364,159.638718036988,192,0.5275939068101
"108D",30,"108D_30",30,31.0514144189673,0.0465371857912336,30.9889148148148,31.1186222222222,304.201414418967,175.846075047948,186.285858071013,90.6102838352989,150.664357695797,192,0.129707407407398
"108D",30,"108D_35",35,34.0049990245181,0.166549810701903,33.75757,34.3426714285714,307.154999024518,170.670363291676,159.645976973576,64.2358843428556,126.984513842271,192,0.585101428571399
"108D",30,"108D_40",40,36.5193997433843,0.0597806142590247,36.3658225806452,36.6010814814815,309.669399743384,312.748489098248,269.144964296395,90.5161566863005,228.256545798384,192,0.2352589008363
"10D",37,"10D_35",35,33.523900002814,0.320981204933067,33.0786866666667,34.1245153846154,306.673900002814,102.943998523109,84.118067909562,40.762732954417,66.6903486174282,96,1.0458287179487
"10D",37,"10D_40",40,35.4594920704556,0.138551386357497,35.2862923076923,35.7752538461538,308.609492070456,181.100233744721,115.03012643699,58.5215213413781,93.9883631782934,96,0.488961538461503
"11D",37,"11D_15",15,19.9072527126837,0.0488887253016426,19.8547821428571,20.0121838709677,293.057252712684,39.0885377191329,84.8096518812186,69.7592932590481,109.629615524358,96,0.1574017281106
"11D",37,"11D_30",30,29.445414701923,0.171164456193393,29.2754285714286,29.7889366666667,302.595414701923,128.758154046873,148.756951215239,78.9074462261489,125.108003010814,96,0.513508095238102
"11D",37,"11D_35",35,32.0300508154116,0.106046476756001,31.9401321428571,32.2539967741935,305.180050815412,163.265111555522,164.659564033975,75.7604843198036,131.247596897297,96,0.313864631336404
"13D",37,"13D_15",15,21.3783738035619,0.272173546036728,21.1437307692308,21.93873125,294.528373803562,76.4458904819555,119.256097468561,115.172366919841,142.624443132122,96,0.7950004807692
"13D",37,"13D_20",20,24.1320225323852,0.0437391476982299,24.0746384615385,24.2178307692308,297.282022532385,97.1737119494435,159.748711982451,107.105714235456,166.402216321645,96,0.143192307692303
"13D",37,"13D_30",30,30.2164536914574,0.20547574449266,30.0220466666667,30.7573153846154,303.366453691457,224.928944082948,270.234023561384,126.805585374298,222.576826008734,98,0.735268717948699
"13D",37,"13D_35",35,32.313955922476,0.166311263629687,32.1520538461538,32.7178076923077,305.463955922476,246.883343166801,270.976510078847,111.146895445771,215.411037455614,96,0.565753846153903
"13D",37,"13D_40",40,35.8504627420063,0.136803354992981,35.6920538461538,36.0587076923077,309.000462742006,373.612411027449,302.251566209371,115.910646740856,249.924103381047,96,0.366653846153902
"14D",37,"14D_20",20,22.4922142245236,0.123550660227691,22.2524322580645,22.6467740740741,295.642214224524,63.0605587001935,96.8304231674427,83.6652382194778,109.363795122799,96,0.3943418160096
"14D",37,"14D_25",25,25.8143721869081,0.0234781884609317,25.7825928571429,25.8568142857143,298.964372186908,138.435232234935,199.930457481914,126.420089195849,192.7255133561,96,0.0742214285713985
"14D",37,"14D_30",30,29.1950993671402,0.175221242967304,28.9700814814815,29.5520266666667,302.34509936714,179.574413006741,232.293019450567,113.082648278906,196.839570481105,96,0.581945185185198
"14D",37,"14D_35",35,32.153000413559,0.0828241102073049,32.0370185185185,32.2816666666667,305.303000413559,251.698945082057,280.89804062127,115.27512828008,223.618762356916,96,0.244648148148201
"14D",37,"14D_40",40,35.0972482850596,0.056811051005313,35.0023620689655,35.1865703703704,308.24724828506,251.060597924631,244.127940780829,84.2577109058385,197.64210620702,96,0.184208301404894
"15D",37,"15D_25",25,27.0265414094933,0.232187851427773,26.7333230769231,27.3737076923077,300.176541409493,152.363412073769,180.993963775964,121.662062144501,165.767943493712,96,0.640384615384601
"15D",37,"15D_30",30,30.5108919376717,0.328582669759681,30.2036,31.161775,303.660891937672,221.410445598366,198.464486973198,120.919620384626,162.327510025662,96,0.958174999999997
"15D",37,"15D_35",35,31.5733701128949,0.251107798894964,31.2904,32.1457153846154,304.723370112895,191.975440564274,197.147926357211,93.5382235575775,158.060208166964,96,0.855315384615398
"15D",37,"15D_40",40,34.575976373531,0.238839076707069,34.3335923076923,35.1182230769231,307.725976373531,280.334245808475,213.534091750958,99.3629642635303,171.107574433047,96,0.784630769230802
"16D",37,"16D_20",20,23.9084649361602,0.333942036661737,23.5624111111111,24.65967,297.05846493616,122.66219307436,154.419531192952,138.643691718475,162.590823230408,96,1.0972588888889
"16D",37,"16D_25",25,26.5580812170385,0.027252595748088,26.5292851851852,26.6567222222222,299.708081217039,129.465977259966,176.293825235777,108.868731566757,164.598517335691,96,0.127437037037001
"16D",37,"16D_30",30,29.7688905709677,0.0377864794107082,29.7191,29.86535,302.918890570968,212.032374414172,222.996209720124,125.462753584303,185.8277510732,96,0.146249999999998
"16D",37,"16D_35",35,33.0627418833947,0.0847730822769034,32.949725,33.2749214285714,306.212741883395,230.683815641788,237.480860676466,95.9121069485719,188.139512470915,288,0.325196428571402
"16D",37,"16D_40",40,35.9417756591027,0.0967757784708265,35.8369888888889,36.1123178571429,309.091775659103,306.614007485954,264.182146314384,94.225365645357,219.120706637568,288,0.275328968254001
"17D",37,"17D_15",15,22.4562486247043,0.0673337323864454,22.3465076923077,22.6001875,295.606248624704,81.771548027668,132.775702031179,108.934532319474,150.23518489554,192,0.253679807692301
"17D",37,"17D_20",20,24.9651520558131,0.0946727662086088,24.8303133333333,25.1713538461538,298.115152055813,105.313662808114,148.164021036652,105.72478325585,148.402261755586,96,0.341040512820499
"17D",37,"17D_25",25,27.4920814839934,0.164065287227177,27.3079461538462,27.8236875,300.642081483993,156.411592539874,199.358033721515,118.653310993623,179.267013430463,96,0.515741346153799
"17D",37,"17D_30",30,29.7131830702934,0.153837375388707,29.5399076923077,30.0154,302.863183070293,195.83965017657,229.723069469004,116.582640618545,191.728486521022,96,0.475492307692299
"17D",37,"17D_35",35,31.4080723716518,0.0788565834191527,31.3194615384615,31.6183153846154,304.558072371652,237.35010572814,270.230680325116,117.711757144368,217.203425991505,96,0.2988538461539
"18D",37,"18D_20",20,24.8139198013965,0.147898602201448,24.5603307692308,25.0436923076923,297.963919801397,59.3670307334612,90.2905487371729,60.6157204988963,91.0714231711346,96,0.483361538461502
"18D",37,"18D_25",25,28.1933214626053,0.0515884980311418,28.1352692307692,28.3020076923077,301.343321462605,109.30816070109,111.538149386466,76.7817315933413,97.71924436173,97,0.1667384615385
"18D",37,"18D_30",30,31.0901341034226,0.0438489113618442,31.0250538461538,31.1900230769231,304.240134103423,129.652710244219,129.8701429566,66.5305058500727,104.960597313274,96,0.164969230769302
"18D",37,"18D_35",35,33.653164373903,0.0600642274985732,33.5696538461538,33.8028769230769,306.803164373903,165.287604218777,150.601319200432,64.5614397949312,119.473729490094,96,0.233223076923103
"18D",37,"18D_40",40,36.4225252067594,0.0756746281577794,36.3209615384615,36.5561230769231,309.572525206759,175.691914747978,162.067024434741,51.3622371075503,136.888973816075,96,0.235161538461597
"1D",37,"1D_15",15,19.9634670269977,0.156454197584523,19.810988,20.2957333333333,293.113467026998,33.4099733779325,62.9101469657182,59.2385473540563,81.0766416699828,576,0.484745333333301
"1D",37,"1D_20",20,23.4935243164286,0.0447667646756503,23.4449214285714,23.5771966666667,296.643524316429,58.5389174352767,88.5859335440014,69.3356181234953,95.1778669245013,288,0.1322752380953
"1D",37,"1D_25",25,26.7177010773931,0.261569194475382,26.4742148148148,27.3399677419355,299.867701077393,72.47820257376,92.5892522579407,59.8810952388638,85.8752358982372,288,0.865752927120699
"1D",37,"1D_30",30,29.9443243681472,0.061807932963426,29.8581222222222,30.0770148148148,303.094324368147,109.252749258328,126.725551477606,63.4305454972458,105.105140924844,288,0.218892592592599
"1D",37,"1D_35",35,32.9637877008328,0.128110461015039,32.8300714285714,33.1977548387097,306.113787700833,146.53244163604,130.919854298826,61.5667429674475,103.732369638344,288,0.367683410138298
"1D",37,"1D_40",40,35.5696036355927,0.102578335158674,35.4874037037037,35.7723580645161,308.719603635593,180.296021115238,162.027382634151,57.5963249298271,132.80597558822,288,0.284954360812399
"20D",37,"20D_15",15,20.6928557969335,0.0462412918256848,20.6211444444444,20.7671518518519,293.842855796933,45.0479776944915,93.4577022248205,73.4268413004741,115.862678114544,192,0.146007407407499
"21D",37,"21D_15",15,20.5094927102706,0.0436573107125557,20.4577222222222,20.5972464285714,293.659492710271,61.4989757871381,110.665167424637,102.38077946395,138.532935952612,192,0.139524206349201
"21D",37,"21D_25",25,26.9471338115301,0.119514183169597,26.8368111111111,27.2043933333333,300.09713381153,155.518820451521,188.790295683857,125.274260850475,173.463976971661,192,0.3675822222222
"21D",37,"21D_30",30,29.8110562131734,0.182999170449113,29.6549821428571,30.2298966666667,302.961056213173,194.368136232138,212.667560148343,114.48662908994,177.016352594776,192,0.5749145238096
"21D",37,"21D_35",35,31.9225475047031,0.281931578910346,31.3470870967742,32.2973357142857,305.072547504703,184.288305831774,232.890724632731,86.5028747433831,185.857831260448,192,0.950248617511502
"22D",37,"22D_15",15,21.8473367260164,0.325921812218726,21.5370777777778,22.6452612903226,294.997336726016,87.6148451366313,137.213907106979,125.105710835785,160.163794025283,192,1.1081835125448
"22D",37,"22D_20",20,24.5303047541771,0.0809592110190831,24.4564285714286,24.716,297.680304754177,103.630128079976,160.21823792315,109.225990836121,163.763043289631,192,0.259571428571402
"22D",37,"22D_25",25,27.4029409408164,0.0510091199438312,27.3419,27.5132870967742,300.552940940816,143.30429120814,194.614909215722,109.781144878227,175.606990662268,192,0.1713870967742
"22D",37,"22D_30",30,30.2734520693266,0.0501824845552706,30.2150740740741,30.3641266666667,303.423452069327,195.795503548675,234.956117377809,109.704211711767,193.250400935983,192,0.1490525925926
"22D",37,"22D_35",35,32.9468931349479,0.0563078014025253,32.8741571428571,33.0519925925926,306.096893134948,251.315287559624,271.711809014505,105.781436653538,215.293763776404,192,0.177835449735497
"22D",37,"22D_40",40,35.3664827402885,0.0533272806849197,35.2983857142857,35.4985535714286,308.516482740288,315.055487378431,314.848382412246,102.801551104103,256.60472229961,192,0.200167857142901
"23D",37,"23D_15",15,23.5187716435821,0.310322457603868,23.1983923076923,24.17134375,296.668771643582,68.5182038874469,97.1973565542737,80.9244071255278,104.3008429138,96,0.9729514423077
"23D",37,"23D_20",20,25.4468376741358,0.137246453035624,25.3242769230769,25.75262,298.596837674136,79.5480166205653,105.418158598233,75.6776420282042,103.29505842905,96,0.428343076923099
"23D",37,"23D_25",25,28.0091911573279,0.160186809064331,27.8732461538462,28.36226875,301.159191157328,107.382747418048,125.705717063916,76.9655449497054,110.865167765724,96,0.489022596153799
"23D",37,"23D_30",30,30.1113700809216,0.450042365660498,29.9079230769231,32.068275,303.261370080922,131.161215219197,148.268625068068,74.7873425149635,122.4421610306,101,2.1603519230769
"23D",37,"23D_35",35,32.0655997055509,0.225940854607226,31.8740923076923,32.56465625,305.215599705551,177.03037912933,174.482543699263,81.8370611118285,139.024965639071,91,0.690563942307698
"24D",37,"24D_15",15,20.8566840364313,0.339076330775999,20.6736285714286,23.7565,294.006684036431,48.9168760393985,86.6373818290628,78.2445290243688,106.483385791482,194,3.0828714285714
"24D",37,"24D_20",20,24.1018417446177,0.402050182207408,23.7362740740741,25.0409677419355,297.251841744618,63.3302165555537,89.6303296831792,70.0404351149122,93.4985878052954,190,1.3046936678614
"24D",37,"24D_25",25,27.2975432475142,0.199483381211622,27.1356333333333,27.7917451612903,300.447543247514,94.1199625981404,105.460947449599,72.9436843419691,95.5535003098465,192,0.656111827957002
"24D",37,"24D_30",30,30.3994878011537,0.4221800036504,30.0417666666667,31.3427966666667,303.549487801154,139.843865128239,132.828837308203,77.2962101947768,108.922751127951,192,1.30103
"25D",37,"25D_20",20,24.5508810803476,0.0307718251702642,24.5023153846154,24.6154384615385,297.700881080348,122.915495134265,159.548784048604,129.254155584171,162.920875762919,96,0.113123076923099
"25D",37,"25D_30",30,30.9577990564427,0.188638875466268,30.7616923076923,31.4008769230769,304.107799056443,228.320121170479,223.438496879373,118.838289490843,181.036982156841,96,0.6391846153846
"25D",37,"25D_35",35,33.6483014178877,0.167405978469973,33.4783733333333,34.0110076923077,306.798301417888,266.688798464302,230.164461437501,104.222303995196,182.587186678272,96,0.532634358974398
"25D",37,"25D_40",40,35.9923119452553,0.179731715866742,35.7497384615385,36.3575076923077,309.142311945255,307.925143801106,236.156730349753,94.1322493758078,196.220204368325,96,0.6077692307692
"26D",37,"26D_15",15,20.8687302880258,0.167164456481402,20.6591111111111,21.246435483871,294.018730288026,42.8858862237024,67.9245937547538,68.5027848981175,83.4311421657682,96,0.587324372759902
"26D",37,"26D_25",25,25.9786081571599,0.0244092779193266,25.9280633333333,26.0077444444444,299.12860815716,93.2083838572013,133.683960553896,83.5792405406619,127.942906745279,96,0.0796811111110998
"26D",37,"26D_30",30,29.1252840051333,0.0137312000026577,29.0866866666667,29.1446296296296,302.275284005133,119.203271118684,153.284402598244,75.63740431896,130.170409751298,96,0.0579429629628976
"26D",37,"26D_35",35,32.1234556149172,0.0379044420131756,32.073037037037,32.19255,305.273455614917,174.482985457026,186.252852909417,80.1632700616363,148.316001603814,96,0.119512962963
"26D",37,"26D_40",40,35.0602541784391,0.0351677194178376,35.0176678571429,35.1245296296296,308.210254178439,246.416833381278,227.910940990955,83.0198635529428,184.357494248302,96,0.106861772486702
"28D",37,"28D_15",15,21.3585299330897,0.0232495729474341,21.2743419354839,21.3907148148148,294.50852993309,46.2143195784324,91.8116401214894,69.7843517412968,109.915748861763,192,0.1163728793309
"28D",37,"28D_20",20,24.2262618192959,0.143315094898576,24.01625,24.4850290322581,297.376261819296,56.4719332702199,88.4636842995607,61.5879621861356,91.7338921418207,192,0.468779032258102
"28D",37,"28D_25",25,26.9463299143329,0.311342477374359,26.5425107142857,27.50285,300.096329914333,83.2480869476311,110.791665965443,67.064344246676,101.800726619628,192,0.960339285714298
"28D",37,"28D_30",30,30.1012493402922,0.157944367424375,29.9716407407407,30.44708,303.251249340292,111.573000868631,131.538845415458,63.6878727453945,108.654408288843,192,0.4754392592593
"30D",37,"30D_15",15,21.1878061915855,0.186210764266762,20.8771,21.5473066666667,294.337806191585,64.1552076481356,129.761213231009,98.7900726440454,156.738775698547,194,0.670206666666701
"30D",37,"30D_30",30,29.686931088122,0.317215000337819,29.4169230769231,30.4035461538462,302.836931088122,138.809808390752,183.564592067546,82.8683541534503,153.316525434155,96,0.986623076923099
"30D",37,"30D_35",35,31.8163452338027,0.194816988889727,31.6382,32.2914538461538,304.966345233803,173.982315063333,205.732284573396,82.5970273623501,164.396332968946,96,0.653253846153799
"30D",37,"30D_40_new",40,34.8664239468388,0.184684174178191,34.6882384615385,35.3562230769231,308.016423946839,237.556494429061,240.110550635864,81.6752270430732,193.425136492405,96,0.667984615384597
"31D",37,"31D_15",15,21.1889981663519,0.353760179638147,20.8898384615385,21.9521,294.338998166352,88.5502814203978,154.989778114089,136.336442007984,187.200732523482,96,1.0622615384615
"31D",37,"31D_20",20,25.6721313097146,0.36543113911577,24.7712375,26.1193153846154,298.822131309715,126.127472727623,213.391093565758,117.017476251344,206.998634394251,96,1.3480778846154
"31D",37,"31D_25",25,29.6354510884558,0.313980525547895,29.2968307692308,30.3828384615385,302.785451088456,209.122500797346,219.460098012855,125.542956587902,183.562682762624,96,1.0860076923077
"31D",37,"31D_30",30,31.8380221175309,0.242961207828371,31.5568307692308,32.3617692307692,304.988022117531,258.267039670063,248.274493875691,122.327038831274,198.337042894702,96,0.804938461538399
"31D",37,"31D_35",35,33.8286758379121,0.402502843404354,33.3711,34.4794923076923,306.978675837912,287.342488116455,267.009052629506,110.176780387761,212.063620432652,96,1.1083923076923
"31D",37,"31D_40",40,34.5078416547428,0.216259524023892,34.2254923076923,34.9247375,307.657841654743,320.223920917794,285.11331040742,114.316296886932,228.216124234837,96,0.6992451923077
"32D",37,"32D_15",15,20.7166865739882,0.319437440602937,20.3670428571429,21.4439451612903,293.866686573988,80.0552990852015,143.045893504225,130.130339402199,177.115812757968,96,1.0769023041474
"32D",37,"32D_20",20,23.7745240490597,0.152755225793947,23.622937037037,24.11363,296.92452404906,115.968720930466,183.766590761716,133.071176403124,194.750687104075,96,0.490692962962999
"32D",37,"32D_25",25,26.6037409003801,0.0508616727445395,26.5135833333333,26.7377714285714,299.75374090038,144.245869488088,214.183671460886,120.68614466405,199.593910403388,96,0.224188095238098
"32D",37,"32D_30",30,29.9262635159072,0.0307872356412905,29.8839571428571,30.0165714285714,303.076263515907,179.951087370255,225.838892101952,104.6812952382,187.398497951554,96,0.1326142857143
"32D",37,"32D_35",35,32.9992877627065,0.286505877263087,32.6144516129032,33.5812892857143,306.149287762706,253.553828598952,270.315260245214,106.132334897887,214.167585244955,96,0.966837672811096
"32D",37,"32D_40",40,35.8899872659044,0.157264881307566,35.6583037037037,36.1084444444445,309.039987265904,357.186625054089,320.823669459088,110.359801944148,265.631760232678,96,0.4501407407408
"33D",37,"33D_15",15,22.1456108395814,0.0265717871796309,22.1092461538462,22.2045,295.295610839581,95.5426400671231,114.731879285933,131.861816326481,131.887648121383,96,0.0952538461537991
"33D",37,"33D_20",20,26.0265340421341,0.308698000405111,25.7059076923077,26.6502,299.176534042134,157.304357654763,198.05146332693,140.304931740327,189.151471820188,96,0.944292307692301
"33D",37,"33D_25",25,28.694937407471,0.0698252698401154,28.6157769230769,28.8165066666667,301.844937407471,175.262475137213,207.265935153792,116.544973061018,178.470867130603,96,0.2007297435898
"33D",37,"33D_30",30,30.9317631712645,0.0994398612941932,30.802875,31.1615916666667,304.081763171264,208.023323423531,230.293529897555,108.577379144142,186.686387843413,96,0.358716666666698
"33D",37,"33D_35",35,33.605895446047,0.07899993957218,33.5101846153846,33.7899692307692,306.755895446047,279.500856961875,260.694375990662,109.719471140335,206.760350646406,96,0.2797846153846
"33D",37,"33D_40",40,36.2455740162832,0.152571005725786,35.9403230769231,36.4337384615385,309.395574016283,336.569424881673,281.129984603203,100.216716612911,235.781955567563,96,0.493415384615403
"34D",37,"34D_15",15,21.3447092041504,0.11547141731673,21.2518666666667,21.6515366666667,294.49470920415,70.8736098659709,105.754980379457,107.189876738628,126.699735173504,192,0.39967
"34D",37,"34D_25",25,27.9346626208491,0.0689592619554627,27.8602111111111,28.0529142857143,301.084662620849,116.467315042162,137.203209569532,84.1614547044222,121.335937579922,192,0.192703174603203
"34D",37,"34D_40",40,36.929654523068,0.114632682696906,36.7961666666667,37.18465,310.079654523068,235.441194883158,188.369546962972,65.3091401311879,162.767061408721,192,0.388483333333298
"35D",37,"35D_15",15,22.2669968968922,0.122360650276708,22.1129230769231,22.5050333333333,295.416996896892,88.9826879205821,111.497062110533,121.121700024397,127.3776585507,96,0.392110256410202
"35D",37,"35D_20",20,25.8877723839095,0.411379433999355,25.3929,26.6495333333333,299.03777238391,168.050144912096,186.450460740431,152.217640555561,179.152887946757,96,1.2566333333333
"35D",37,"35D_25",25,28.475050041495,0.0784066767455714,28.3704923076923,28.6266153846154,301.625050041495,175.291744613247,195.150396767584,119.395939023973,169.293916068599,96,0.2561230769231
"35D",37,"35D_30",30,30.8804749845467,0.10597930851437,30.7684076923077,31.1163384615385,304.030474984547,192.396876402902,198.719425722241,100.97633767131,161.255366506666,96,0.3479307692308
"35D",37,"35D_35",35,33.7182034364507,0.106416119713957,33.6225769230769,33.91031875,306.868203436451,282.17677987388,233.713920033607,109.464362407492,185.478947811885,96,0.287741826923103
"35D",37,"35D_40",40,36.3321222627156,0.0952686500635039,36.2018076923077,36.5363384615385,309.482122262716,349.273357628291,255.045581216961,103.069459346637,214.634132788271,96,0.334530769230795
"36D",37,"36D_15",15,21.1168444932889,0.0905664662036439,21.0231571428571,21.3020741935484,294.266844493289,75.3144884528478,140.004545909851,116.921889786626,169.740789890615,96,0.278917050691298
"36D",37,"36D_20",20,24.0245819647219,0.110493348543379,23.8710407407407,24.2698035714286,297.174581964722,105.447821132508,169.486782973658,117.638685437549,177.458902866009,96,0.3987628306879
"36D",37,"36D_25",25,26.9929473270167,0.0739169132594254,26.9072857142857,27.1902785714286,300.142947327017,158.716393525471,200.882345073267,127.205390140763,184.232592038534,96,0.282992857142901
"36D",37,"36D_30",30,30.2407124327758,0.222970413749875,30.0014620689655,30.6722481481482,303.390712432776,223.796476747616,243.099679722025,125.8371155627,200.108317953391,96,0.670786079182701
"36D",37,"36D_35",35,33.4843346090187,0.1289909050639,33.2948,33.7655821428571,306.634334609019,312.688058775176,280.454869713657,124.333859610036,222.315664062913,96,0.470782142857097
"36D",37,"36D_40",40,35.4899366624905,0.318531633858748,35.1006285714286,36.21175,308.63993666249,367.520104762353,329.713116994341,118.385422023931,269.630796253526,96,1.1111214285714
"37D",23,"37D_15",15,23.6509114548167,0.0370235954441975,23.6144538461539,23.7360125,296.800911454817,89.0621677881113,162.967926481367,103.63107786499,173.751436212053,97,0.121558653846101
"37D",23,"37D_20",20,24.8916817463179,0.0841885447224358,24.7906384615385,25.05612,298.041681746318,100.17347709377,170.499522805676,101.394307650713,171.354689710224,96,0.265481538461501
"37D",23,"37D_25",25,28.007415695303,0.0384651445620706,27.9698846153846,28.0839461538462,301.157415695303,135.846641002558,201.282046565052,97.3857084471549,177.530608294576,96,0.114061538461598
"37D",23,"37D_30",30,30.7134451357577,0.0235451720898394,30.6814307692308,30.7612615384615,303.863445135758,168.964078100622,226.196778584389,90.2857060301273,184.187679634512,97,0.0798307692306999
"37D",23,"37D_35",35,33.0498996407585,0.0582904245492654,32.9892461538462,33.1527461538462,306.199899640759,198.603053005793,240.170283274866,82.686259648544,190.272334455333,96,0.163499999999999
"37D",23,"37D_40",40,35.9649341983403,0.0750934240057161,35.71906,36.0340538461538,309.11493419834,216.512411157101,258.629819030037,66.3762250412786,214.687364827815,97,0.314993846153804
"38D",23,"38D_15",15,21.3521658470774,0.183097714522284,21.1870464285714,21.7436966666667,294.502165847077,91.1782507125601,174.293515741941,137.781026518074,208.73120791344,96,0.556650238095301
"38D",23,"38D_20",20,24.4652240614311,0.101768179606401,24.3712851851852,24.6889580645161,297.615224061431,127.307804946021,213.797937549971,135.165347633821,219.200059400571,96,0.3176728793309
"38D",23,"38D_25",25,27.536735430804,0.0522862679198146,27.4799964285714,27.6420096774194,300.686735430804,167.85030119773,247.64612219416,126.70716758014,222.306527544327,96,0.162013248847998
"38D",23,"38D_30",30,30.7247175667089,0.146430287289798,30.5619035714286,31.0222870967742,303.874717566709,230.536723119892,285.13181213578,123.037601106262,232.121748808333,96,0.460383525345598
"38D",23,"38D_35",35,33.5611425235813,0.0195429895429112,33.5385321428571,33.6109357142857,306.711142523581,267.193135608087,318.127281091883,105.384984420001,252.257535829989,96,0.0724035714286018
"38D",23,"38D_40",40,36.716610430994,0.112396746931761,36.580462962963,36.8791259259259,309.866610430994,305.696220844507,347.091451597016,86.6864064528747,296.928185890502,96,0.298662962962901
"39D",23,"39D_20",20,24.400429732706,0.0434032830089829,24.3634666666667,24.4938935483871,297.550429732706,162.788648420021,269.479575557439,174.097389105728,277.136767326284,96,0.1304268817204
"39D",23,"39D_25",25,27.1863259964224,0.101759385084098,27.0810428571429,27.4010419354839,300.336325996422,219.437789905808,326.241403762955,172.1617759053,296.893967704487,96,0.319999078340999
"39D",23,"39D_30",30,29.9433190167861,0.0645083309149385,29.8808964285714,30.06237,303.093319016786,264.566632630562,367.420943194612,153.620216429623,304.744032286383,96,0.181473571428601
"39D",23,"39D_40",40,36.0387037996945,0.0609533667357764,35.9559714285714,36.1816928571429,309.188703799695,383.724846632713,431.779556903202,116.739679283979,359.351882066248,96,0.225721428571497
"3D",37,"3D_15",15,22.0185624552141,0.0170546994032389,21.9888615384615,22.0655076923077,295.168562455214,90.3316966436532,161.566468687667,126.489008023243,186.937330668491,96,0.0766461538462018
"3D",37,"3D_25",25,26.960368371585,0.0536874353151855,26.8717916666667,27.1041,300.110368371585,133.60671925012,189.885581739105,107.4664712506,174.376825930103,96,0.2323083333333
"3D",37,"3D_30",30,29.6844724449119,0.157132867930707,29.5142384615385,29.9898266666667,302.834472444912,198.349387983687,225.629200630526,118.444562105593,188.462624601945,96,0.475588205128201
"3D",37,"3D_35",35,31.8562060452438,0.114523331633858,31.7029538461538,32.105625,305.006206045244,229.731360064237,253.401544227459,108.600072699559,202.387366858967,96,0.402671153846203
"3D",37,"3D_40",40,34.6017848020166,0.0774402253324311,34.4919230769231,34.7292307692308,307.751784802017,357.634631624113,340.377134350654,126.418841642982,272.865195323094,96,0.237307692307702
"40D",23,"40D_15",15,21.8110934444899,0.239404718195474,21.6062259259259,22.370164516129,294.96109344449,112.803365573249,187.160271436166,161.740640809823,218.872317789464,96,0.7639385902031
"40D",23,"40D_20",20,24.9906512649462,0.19886016358414,24.8013518518519,25.4395733333333,298.140651264946,151.045665579297,219.836763430929,151.203612740031,219.931477998091,96,0.638221481481398
"40D",23,"40D_25",25,27.910293345046,0.0650524006063757,27.8492481481481,28.06311,301.060293345046,181.348653284484,236.453722143329,131.396497659089,209.296054792996,96,0.213861851851902
"40D",23,"40D_30",30,30.8084951996615,0.0388180680651462,30.7625851851852,30.9316296296296,303.958495199662,215.373309096553,253.216929837427,113.91346361104,205.779623323583,96,0.169044444444403
"40D",23,"40D_35",35,33.4339810603817,0.144194486356726,33.277,33.6725451612903,306.583981060382,248.313605159806,261.113935891918,99.2636622334782,206.948885557401,96,0.3955451612903
"40D",23,"40D_40",40,36.4648793701975,0.0854229915357872,36.2449766666667,36.5802620689655,309.614879370198,288.028628445704,269.382747408158,83.8340989673044,227.93303472192,96,0.335285402298801
"41D",23,"41D_15",15,21.1006311878474,0.0437446615768746,21.0427259259259,21.1870774193548,294.250631187847,84.0387525171265,157.812736179189,130.708856263932,191.493882119705,96,0.1443514934289
"41D",23,"41D_20",20,24.1172333908647,0.0461578193366802,24.0531259259259,24.206075,297.267233390865,108.85520304,178.858254245325,120.180857226594,186.439753230894,96,0.152949074074098
"41D",23,"41D_25",25,26.7553682134032,0.0550969346502889,26.6950571428571,26.8763322580645,299.905368213403,124.803896123235,173.655752103444,102.684010082544,160.81325056338,96,0.181275115207402
"41D",23,"41D_30",30,30.064034878219,0.0162803198079429,30.0267285714286,30.0995518518519,303.214034878219,161.389508427014,185.508984231916,92.4952968131322,153.380825801496,96,0.0728232804233002
"41D",23,"41D_35",35,33.0162713086159,0.171127843723944,32.8463851851852,33.3938258064516,306.166271308616,182.930086886604,186.975672003283,76.4329629727033,148.135112007532,96,0.547440621266404
"41D",23,"41D_40",40,36.1533154657579,0.0536648601492012,36.0135633333333,36.2298666666667,309.303315465758,226.639767641058,201.214550959076,68.1337635868241,168.166089743637,96,0.2163033333334
"42D",23,"42D_15",15,23.4427530554926,0.524236081921989,22.6906416666667,24.3697714285714,296.592753055493,58.0678206277313,92.6903604959984,69.1731784802809,99.8363679080233,97,1.6791297619047
"42D",23,"42D_20",20,25.6732876716797,0.2341860607278,25.4139692307692,26.1877333333333,298.82328767168,75.4543041312629,103.299584534448,69.9953456222675,100.199941913751,97,0.773764102564098
"42D",23,"42D_25",25,28.5327442727888,0.220325782032735,28.3175615384615,29.05154375,301.682744272789,89.5727736776448,107.572126437098,60.6272292906454,93.1351948083825,96,0.7339822115385
"42D",23,"42D_30",30,31.494378506229,0.160539880810809,31.3333307692308,31.86481875,304.644378506229,104.390197637952,110.382191131018,51.2950587476644,88.602044671853,96,0.531487980769203
"42D",23,"42D_35",35,33.96891306519,0.13355712706521,33.8601615384615,34.2665533333333,307.11891306519,117.335684750615,110.0970082715,44.3303002514206,87.5431238594306,96,0.406391794871801
"42D",23,"42D_40",40,36.8130205151099,0.0594212931126216,36.7573615384615,36.9274266666667,309.96302051511,139.518833503682,111.700741546961,39.1707270748084,95.9833278556072,96,0.170065128205195
"43D",23,"43D_15",15,20.3287732764031,0.138102409217969,20.1723535714286,20.680235483871,293.478773276403,64.2240097769214,142.035706973141,109.168654355977,179.51754306776,96,0.5078819124424
"43D",23,"43D_20",20,23.6771684941862,0.0545165125185189,23.5426185185185,23.7652892857143,296.827168494186,89.1905807701205,158.113418071127,103.473573858268,168.359949596477,96,0.222670767195801
"43D",23,"43D_25",25,27.0784603075286,0.0205657184419684,27.0439225806452,27.1356148148148,300.228460307529,117.487767401704,168.582742827344,93.2783364914385,154.079140787911,96,0.0916922341695994
"44D",23,"44D_15",15,23.6319922876126,0.0497897461823444,23.5805,23.74154375,296.781992287613,109.958079056078,183.11919072023,128.218550425125,195.416493905471,96,0.161043750000001
"44D",23,"44D_20",20,25.1827920311546,0.0401683494513099,25.1272076923077,25.2605923076923,298.332792031155,127.64691009691,194.006118668344,125.066525512704,192.386922753602,96,0.1333846153846
"44D",23,"44D_25",25,29.6641617509444,0.117117373703562,29.5314076923077,29.8779642857143,302.814161750944,185.129894456532,190.985242414275,110.794117894681,159.616260468015,96,0.3465565934066
"44D",23,"44D_30",30,32.0677630817403,0.0694114325627476,31.9781230769231,32.203575,305.21776308174,217.256525336382,200.913852343529,100.409505673349,160.081408238953,96,0.2254519230769
"44D",23,"44D_35",35,34.0352472251316,0.0594208818237029,33.9670461538462,34.1522384615385,307.185247225132,232.526863295307,199.282897245242,87.2386915757761,158.558849281674,96,0.185192307692304
"44D",23,"44D_40",40,35.5878454196715,0.0985379384133806,35.4292076923077,35.7303615384615,308.737845419671,252.011441580808,204.338797032582,80.3531477506989,167.576579445969,96,0.301153846153802
"45D",23,"45D_15",15,20.3660413757696,0.0363268902621854,20.3030107142857,20.4216740740741,293.51604137577,74.7865866762712,143.320607203574,126.577654537813,180.782951459607,96,0.1186633597884
"45D",23,"45D_20",20,23.5185135789448,0.0577674308107659,23.44771,23.6490964285714,296.668513578945,95.5280363319076,155.22239442482,112.828044580203,166.568639318176,96,0.2013864285714
"45D",23,"45D_25",25,27.175045509285,0.0439336674831621,27.1119592592593,27.2471451612903,300.325045509285,127.753255602512,163.283021459994,100.354543432694,148.661282700722,96,0.135185902031001
"45D",23,"45D_30",30,30.6316151719062,0.0222034112628602,30.6039148148148,30.6764142857143,303.781615171906,156.963519481646,169.017918772868,84.6153721096611,137.871228838444,96,0.0724994708995013
"45D",23,"45D_35",35,33.8506732454151,0.213119353333117,33.670425,34.3377733333333,307.000673245415,185.04206189058,167.230055760978,70.7869695970645,132.839568211414,96,0.667348333333301
"45D",23,"45D_40",40,36.5475464198827,0.0728574237128766,36.4795481481481,36.7206838709677,309.697546419883,212.42780032357,172.186982277143,61.3021338044703,146.204434923232,96,0.2411357228196
"46D",23,"46D_15",15,21.6802743256871,0.0435184938462234,21.612362962963,21.7573392857143,294.830274325687,72.5381999196394,133.198638759459,105.57380503345,156.823082799847,96,0.144976322751297
"46D",23,"46D_20",20,24.5705491688995,0.0998334288351759,24.48,24.7808233333333,297.720549168899,104.788602178278,161.32660813924,109.949740781157,164.583942509017,96,0.300823333333298
"46D",23,"46D_25",25,27.5915767252473,0.053644085198965,27.5402444444444,27.6914428571429,300.741576725247,136.023032763892,186.568928434624,102.064367415686,167.127708871278,96,0.151198412698498
"46D",23,"46D_30",30,30.7765959958679,0.0549341767232857,30.7082392857143,30.8785,303.926595995868,180.316323954522,212.984823960317,95.6992374675614,173.198959315741,96,0.1702607142857
"46D",23,"46D_35",35,34.1261353422803,0.109154107922603,33.9912777777778,34.3788777777778,307.27613534228,233.275448146679,240.8520628947,86.6860798862174,191.814962809169,96,0.387599999999999
"46D",23,"46D_40",40,37.3748498788827,0.0917336181552802,37.2064193548387,37.5253571428571,310.524849878883,228.652425066186,237.612644056339,60.577679281644,210.108685939621,96,0.318937788018395
"47D",23,"47D_20",20,24.0385727448475,0.092955751414781,23.9561964285714,24.2459633333333,297.188572744848,97.58664671065,167.719263692528,108.697424190626,175.49010763141,96,0.289766904761901
"47D",23,"47D_25",25,27.0743742119082,0.123092602433578,26.9625111111111,27.3064612903226,300.224374211908,129.761080616693,190.56090842229,103.069042752186,174.19499774224,96,0.343950179211497
"47D",23,"47D_30",30,30.3810952630823,0.149952292167898,30.2549888888889,30.7327677419355,303.531095263082,172.172916195463,214.020753316774,95.3544911452056,175.577975037894,96,0.477778853046601
"47D",23,"47D_35",35,33.1979608271404,0.100370971005177,33.1017321428571,33.4121709677419,306.34796082714,209.952271403015,235.89624296226,86.050983364681,186.88104271171,96,0.310438824884798
"47D",23,"47D_40",40,36.0048905715011,0.066406394208299,35.9352111111111,36.2083481481481,309.154890571501,246.34104080654,258.848794090463,75.2076531908927,215.170122888773,96,0.273137037036996
"49D",23,"49D_15",15,21.603576279902,0.11465077214833,21.5059777777778,21.88854,294.753576279902,124.945402788064,195.414752669941,183.450430962721,230.989055478774,96,0.382562222222198
"49D",23,"49D_20",20,24.5067200951509,0.0314956824016205,24.4609259259259,24.5589333333333,297.656720095151,150.062698937827,216.589939240149,158.584766651237,221.628152635686,96,0.0980074074074011
"49D",23,"49D_25",25,27.7166469614978,0.0494924065665865,27.6391428571429,27.8162928571429,300.866646961498,201.541845189151,253.27333892769,149.163091121323,225.80784964157,96,0.177150000000001
"49D",23,"49D_30",30,31.0886120383199,0.0713012282736326,30.9834962962963,31.2327642857143,304.23861203832,265.44257978145,284.59598782516,136.232518072344,230.015967149998,96,0.249267989418001
"49D",23,"49D_35",35,33.8545519201535,0.147094788805555,33.6440464285714,34.11085,307.004551920154,310.031705888931,300.574669904915,118.552676447625,238.769367492043,96,0.466803571428599
"49D",23,"49D_40",40,35.7031583254916,0.0517976959017784,35.6339285714286,35.7847703703704,308.853158325492,340.389314040168,310.735234879978,107.235702246233,255.724987926636,96,0.150841798941805
"4D",37,"4D_15",15,19.9032777353263,0.108264364007955,19.7716592592593,20.1415633333333,293.053277735326,61.5063189908093,116.349937228263,109.817648555801,150.432360590444,96,0.369904074073997
"4D",37,"4D_20",20,23.7221813169438,0.168370174017873,23.5404592592593,24.1002166666667,296.872181316944,62.212149313674,92.1371830396809,71.8093633959944,97.8932442860692,96,0.5597574074074
"4D",37,"4D_30",30,29.3078224159925,0.0655801663408496,29.234875,29.4991481481481,302.457822415992,154.511850208682,201.448173748742,96.1154802173318,170.117563941847,96,0.264273148148103
"4D",37,"4D_35",35,32.3216066825993,0.1366560770218,32.1856785714286,32.5548193548387,305.471606682599,214.35109961281,231.062230072598,96.4222801662201,183.669999481376,96,0.369140783410096
"4D",37,"4D_40",40,34.982453115571,0.292752723725608,34.6945296296296,35.4766903225806,308.132453115571,203.07633414803,190.166007034723,68.9773608562031,153.561796700096,96,0.782160692951003
"50D",23,"50D_15",15,21.7392248328003,0.167207804248413,21.5370107142857,22.0525133333333,294.8892248328,124.280652380154,191.668288315799,179.666295268931,224.976743200792,96,0.515502619047602
"50D",23,"50D_20",20,24.7696902236088,0.0360633797756042,24.7280148148148,24.8345407407407,297.919690223609,150.509380804606,217.06558759747,154.437899621362,219.393980936115,96,0.106525925925901
"50D",23,"50D_25",25,27.8844376558641,0.0346160505314703,27.8418107142857,27.9467851851852,301.034437655864,202.278176400884,251.636335696985,146.977124455608,222.947649126877,96,0.104974470899499
"50D",23,"50D_30",30,31.1144572181863,0.597086060492323,30.9468935483871,33.7468357142857,304.264457218186,238.679330861036,273.6035671568,122.157470449788,221.026439044233,101,2.7999421658986
"50D",23,"50D_35",35,33.8338568460819,0.10380780746434,33.7418518518519,34.0348903225806,306.983856846082,268.509756112259,266.344693975873,102.899442742382,211.544236309114,91,0.293038470728703
"50D",23,"50D_40",40,36.879304356525,0.0277016526238085,36.8463964285714,36.9387666666667,310.029304356525,311.775569102831,273.458576637645,86.934870652166,235.718572970099,96,0.0923702380952989
"51D",23,"51D_15",15,22.8241244495582,0.114543865681201,22.7195153846154,23.11172,295.974124449558,178.380561657393,233.423877367961,227.910413272008,259.264293493843,97,0.3922046153846
"51D",23,"51D_20",20,25.4381236293307,0.0404099698724067,25.3801538461539,25.5162533333333,298.588123629331,177.550942624831,248.073724657358,169.076417564702,243.172894500885,96,0.136099487179401
"51D",23,"51D_25",25,28.3937365033101,0.0853939734968705,28.30382,28.5930384615385,301.54373650331,219.590820203512,275.611700578578,150.903978638344,239.767362532381,96,0.2892184615385
"51D",23,"51D_30",30,30.9267913402396,0.147844489084374,30.7778692307692,31.2483307692308,304.07679134024,270.038692046147,302.051143226136,141.021517320386,244.880367478825,96,0.470461538461603
"51D",23,"51D_35",35,33.9070730696734,0.0476023042389707,33.8607230769231,34.0139230769231,307.057073069673,329.355835879496,323.000985233098,125.246634063285,256.693558611238,96,0.153199999999998
"51D",23,"51D_40",40,36.1972714795101,0.141819927441283,35.9934,36.4569461538462,309.34727147951,319.517219980511,318.357231147361,95.6176040385927,266.510005657876,96,0.463546153846195
"52D",23,"52D_15",15,21.2607103832628,0.0220015684960065,21.2212111111111,21.3041,294.410710383263,105.620452041026,174.021738537909,161.286675381036,209.402059648835,192,0.082888888888899
"52D",23,"52D_20",20,24.8465732544967,0.218597235561875,24.6545428571429,25.3520838709677,297.996573254497,171.32333469737,217.514367395358,174.288732607543,219.063010740639,192,0.6975410138248
"52D",23,"52D_25",25,27.6143799069179,0.0286527697342827,27.5825296296296,27.6984777777778,300.764379906918,178.53251583369,218.562224958047,133.626007497948,195.617060840536,192,0.115948148148199
"52D",23,"52D_30",30,30.7423284386737,0.0421695086101522,30.6893925925926,30.8189580645161,303.892328438674,228.971880317174,237.876701450351,121.971069380677,193.579951315109,192,0.129565471923499
"52D",23,"52D_35",35,33.9900305698706,0.0843377762462072,33.915425,34.1475806451613,307.140030569871,283.921138781222,253.106179366,107.029154936065,201.295498509512,192,0.232155645161299
"52D",23,"52D_40",40,37.0426274530566,0.0557305716295482,36.8723709677419,37.145325,310.192627453057,375.54629169237,279.587522243651,102.964107025771,242.938392600813,192,0.272954032258099
"53D",23,"53D_20",20,24.5088869096097,0.0416305296159872,24.4241444444444,24.5763074074074,297.65888690961,213.126980739277,293.002972953379,225.175739977755,299.788041883686,192,0.152162962962997
"53D",23,"53D_25",25,27.8059287294246,0.0396815992951009,27.7621571428571,27.8787037037037,300.955928729425,263.712244674294,301.251698063563,193.272892666727,267.685906265835,192,0.116546560846601
"53D",23,"53D_30",30,30.9786661833729,0.0618549124011934,30.9155464285714,31.1082967741935,304.128666183373,315.763474499846,310.194058636683,163.983578979624,251.227246393211,192,0.192750345622102
"53D",23,"53D_35",35,33.980510855358,0.135110348219805,33.8506678571429,34.2668533333333,307.130510855358,407.234336768479,369.898321952315,153.668303954942,294.154280788904,192,0.4161854761904
"53D",23,"53D_40",40,36.7119498036104,0.0900366170673963,36.6060392857143,36.9224821428571,309.86194980361,462.80811976219,409.734011320452,131.302014980825,350.443169176927,192,0.316442857142796
"54D",23,"54D_15",15,20.5952979544177,0.0237912064458599,20.5388034482759,20.6225888888889,293.745297954418,84.6852282787223,162.437480190124,139.593498317007,202.420597045289,96,0.0837854406129992
"54D",23,"54D_20",20,23.6955335841264,0.0178617707054003,23.6724814814815,23.7429142857143,296.845533584126,115.209307379959,185.283219912868,133.382384811142,197.113984584315,96,0.070432804232798
"54D",23,"54D_25",25,27.2915521998189,0.0409070639977923,27.2517321428571,27.3727178571429,300.441552199819,161.896053163511,208.434227753263,125.553450846801,188.897501410185,96,0.120985714285798
"54D",23,"54D_30",30,30.467642137822,0.085252788597837,30.3824518518519,30.6586678571429,303.617642137822,202.205644774723,219.660520115275,110.947242312335,179.841772509803,96,0.276216005290998
"54D",23,"54D_35",35,33.5461074584102,0.0749657079990054,33.4440222222222,33.6863678571429,306.69610745841,253.758809699369,226.839286422942,100.245383321164,179.859191292114,96,0.242345634920696
"54D",23,"54D_40",40,36.5354806004289,0.0491454812182899,36.4312407407407,36.6344035714286,309.685480600429,314.847614195884,248.90342105255,90.9719699905821,211.235149889713,96,0.203162830687901
"55D",23,"55D_15",15,21.3731762104882,0.211168489174693,21.1846607142857,21.9137096774194,294.523176210488,60.6472530325157,115.163332245124,91.4247702518806,137.766976053327,96,0.7290489631337
"55D",23,"55D_20",20,24.2674895068325,0.145049223277766,24.1480703703704,24.6252266666667,297.417489506832,78.9756195634036,134.277939999004,85.7322933992371,138.968298359061,96,0.477156296296297
"55D",23,"55D_25",25,27.1801776770495,0.0591385846798704,27.1155148148148,27.2974290322581,300.330177677049,101.746136596477,151.915561010015,79.8798832182691,138.283566415952,96,0.1819142174433
"55D",23,"55D_30",30,30.2149929556138,0.0308052649828062,30.1802666666667,30.2761535714286,303.364992955614,120.515438997125,168.663308208176,67.9523104446,138.923651739943,96,0.0958869047619011
"55D",23,"55D_35",35,33.2092069011865,0.0484141385926332,33.1510642857143,33.3083535714286,306.359206901186,145.510877642912,179.380887403771,59.5680752260156,142.109641252949,96,0.157289285714299
"55D",23,"55D_40",40,35.892368520789,0.0433779838564382,35.8303571428571,35.9814071428571,309.042368520789,152.254304839374,185.342682718626,47.0302945455891,153.470153067138,96,0.151049999999998
"56D",23,"56D_20",20,23.7761055289669,0.163777331515323,23.6231,24.1580258064516,296.926105528967,91.4396746238622,179.854631328886,104.906013685647,190.590259858509,96,0.5349258064516
"56D",23,"56D_25",25,26.6443728076083,0.213444474767794,26.4462407407407,27.1349903225806,299.794372807608,115.902844449595,203.958800072602,96.5376530732658,189.744454239546,96,0.6887495818399
"56D",23,"56D_30",30,29.3609862162434,0.0232563000492573,29.3239074074074,29.412625,302.510986216243,141.291248663313,228.437678723817,87.3854483601056,192.602150238374,96,0.088717592592598
"56D",23,"56D_35",35,33.3282188030848,0.11692000684555,33.2243,33.5835233333333,306.478218803085,185.544230472646,225.67719631219,75.0058437680723,178.815054446569,96,0.359223333333297
"56D",23,"56D_40",40,36.5330267332971,0.0894143197050952,36.3407230769231,36.6492916666667,309.683026733297,191.497107495081,221.534962568704,55.3451843745825,187.988796697225,96,0.308568589743601
"57D",23,"57D_15",15,22.610103969733,0.503841531405528,21.8961538461538,23.52735,295.760103969733,91.5767065328148,160.195861516374,119.881853786267,179.85597345373,97,1.6311961538462
"57D",23,"57D_20",20,24.9265751669815,0.16533160141504,24.7492846153846,25.27930625,298.076575166981,120.824811863164,189.171290182996,121.82090568265,189.813383853479,96,0.530021634615402
"57D",23,"57D_25",25,27.8680782339839,0.13881405069587,27.6874538461538,28.16776,301.018078233984,154.867684397088,213.733845908727,112.730303263067,189.48107167327,96,0.4803061538462
"57D",23,"57D_30",30,30.4053516156867,0.143607228380081,30.2586846153846,30.6632538461539,303.555351615687,187.927747065749,228.121831497622,103.808051980685,187.039519543627,97,0.404569230769301
"57D",23,"57D_35",35,32.8832131263832,0.116501442918727,32.7229384615385,33.1206533333333,306.033213126383,226.609815526018,242.091163206531,96.0291606003752,191.85208722359,96,0.397714871794804
"57D",23,"57D_40",40,35.5562506894841,0.0676640881780734,35.4813076923077,35.6776,308.706250689484,258.273639616345,247.722909307867,82.6215620463135,202.96719309479,96,0.196292307692296
"58D",23,"58D_15",15,22.2978662182319,0.183152675322246,22.0860461538462,22.71979375,295.447866218232,84.2780499417265,151.483280728565,114.31533487472,172.787288425372,97,0.6337475961538
"58D",23,"58D_20",20,24.9430838208527,0.262113056656957,24.6706923076923,25.49335,298.093083820853,109.856010193471,168.969232494477,110.557360907072,169.413454078806,97,0.8226576923077
"58D",23,"58D_25",25,27.669893905064,0.14225629177586,27.5052538461538,27.9775875,300.819893905064,136.256278601544,182.803293025782,101.363616196821,163.267714460369,97,0.472333653846199
"58D",23,"58D_30",30,30.4564913599373,0.121007432195005,30.3623076923077,30.74321875,303.606491359937,169.269998325365,195.350992078644,92.9876558434536,159.98002436323,97,0.380911057692302
"58D",23,"58D_35",35,33.0780290150485,0.0721783642759961,33.0088461538462,33.2486133333333,306.228029015048,204.549964451994,208.161362852917,84.9086859877575,164.909838015695,97,0.239767179487103
"58D",23,"58D_40",40,35.6521488229768,0.0163371706444114,35.6132384615385,35.6891307692308,308.802148822977,239.77039078282,220.44531456923,75.9394213016565,181.134581711168,97,0.0758923076922997
"5D",37,"5D_15new",15,19.7790708102339,0.0496197721373829,19.6974066666667,19.8899777777778,292.929070810234,47.9137149660815,105.808928376154,86.7874232192367,137.71814382468,192,0.1925711111111
"5D",37,"5D_20",20,22.8462735042319,0.101611042036334,22.7447185185185,23.0829821428571,295.996273504232,67.7384804725894,129.309519813225,86.3298437483314,143.464908756356,192,0.338263624338602
"5D",37,"5D_25",25,26.9367074639876,0.398205629916463,26.573162962963,27.84513,300.086707463988,141.436743063493,171.776448848544,114.061956677256,157.89809201825,192,1.271967037037
"5D",37,"5D_30",30,29.6953573462694,0.141938782148001,29.5531107142857,29.977264516129,302.845357346269,167.970235286445,198.669695053136,100.18538365357,165.893515061648,192,0.4241538018433
"5D",37,"5D_35",35,32.0741445018489,0.0619607653571628,31.9884148148148,32.2165785714286,305.224144501849,205.317768714008,218.975352405684,94.8271946477317,174.460637727341,192,0.2281637566138
"5D",37,"5D_40",40,35.5015929562143,0.0432472906409158,35.3929709677419,35.5892481481481,308.651592956214,297.995597078165,279.230631624466,95.8735673563277,228.422942710531,192,0.196277180406199
"60D",23,"60D_15",15,20.8186080926988,0.126624127034308,20.7210185185185,21.1172612903226,293.968608092699,98.8262054991376,190.865427970318,158.770098154469,235.057822296076,96,0.396242771804101
"60D",23,"60D_20",20,23.9650554428694,0.132644031580335,23.8471111111111,24.2448967741935,297.115055442869,133.492151576281,218.438730761199,149.926332901358,229.370146103594,96,0.397785663082399
"60D",23,"60D_25",25,27.4773510040456,0.372741307795116,27.1476178571429,28.2825533333333,300.627351004046,195.583798049499,255.590416293629,148.609714446371,229.963026885635,96,1.1349354761904
"60D",23,"60D_30",30,30.1575111544478,0.0811967832118789,30.0708037037037,30.3536178571429,303.307511154448,221.008439424389,273.011019458166,125.391055877999,225.193955846802,96,0.282814153439201
"60D",23,"60D_35",35,33.1863948623869,0.134417618504139,33.0323068965517,33.465225,306.336394862387,272.227638204821,285.631840242249,111.711884568277,226.281060767291,96,0.432918103448294
"60D",23,"60D_40",40,36.1550960755895,0.0504434433238144,35.9894709677419,36.2413178571429,309.305096075589,331.649120169137,297.094560638187,99.6838459952589,248.314836787228,96,0.251846889401001
"62D",23,"62D_35",35,34.0497445803123,0.0856041661572643,33.9535384615385,34.2046714285714,307.199744580312,342.868367695965,322.193763023837,128.440031200554,256.389611580055,194,0.251132967032902
"62D",23,"62D_40",40,36.4930887662641,0.0196454905227293,36.4501153846154,36.5314538461538,309.643088766264,376.811909925409,327.70683325849,109.355278462544,277.611737985024,192,0.081338461538401
"63D",23,"63D_15",15,23.6230244278465,0.026899746626724,23.5916461538462,23.67772,296.773024427846,94.2073084257507,159.750152239529,109.963295178314,170.552800562831,96,0.086073846153802
"63D",23,"63D_20",20,26.4776292295292,0.0478844773077317,26.3919133333333,26.5774615384615,299.627629229529,119.715279190256,175.11710970814,101.569570053244,164.052601107359,96,0.1855482051282
"63D",23,"63D_25",25,28.8062985706261,0.0818016191211056,28.6977692307692,28.9363384615385,301.956298570626,145.501850312604,182.385906693307,95.5872516747234,156.470503902291,97,0.238569230769301
"63D",23,"63D_30",30,31.1107367788462,0.056738906195526,31.0564846153846,31.2226076923077,304.260736778846,171.952556473809,189.683961783299,88.041473240168,153.243727526419,96,0.1661230769231
"63D",23,"63D_35",35,33.2120079965087,0.137616661665014,33.0959461538462,33.48608125,306.362007996509,208.017435245293,197.719364639389,85.13125613446,156.63811781646,96,0.390135096153799
"63D",23,"63D_40",40,35.2089972672466,0.0937228339714403,35.1108307692308,35.3861692307692,308.358997267247,231.187890232587,199.466857173032,76.6870732773426,161.914802022345,96,0.275338461538396
"64D",23,"64D_15",15,23.5777930206426,0.0814582691209452,23.4965615384615,23.7384857142857,296.727793020643,71.4714746042647,124.84498212282,83.8518534596473,133.582327240627,96,0.241924175824202
"64D",23,"64D_20",20,25.8184235657528,0.063368175875365,25.7527692307692,25.9497375,298.968423565753,85.7894362093929,138.96537659107,78.3082734214072,133.933563540136,96,0.196968269230801
"64D",23,"64D_25",25,28.6607981792134,0.279753396519176,28.4395153846154,29.29076,301.810798179213,111.748151747175,156.535422426735,74.5868533482247,134.942043621995,97,0.851244615384598
"64D",23,"64D_30",30,30.6272150064197,0.110552109336616,30.5260461538462,30.8900133333333,303.77721500642,126.922037591087,167.985740425517,68.453138130894,137.042453682806,97,0.363967179487101
"64D",23,"64D_35",35,33.3013404554681,0.206165288054945,33.0677416666667,33.7772333333333,306.451340455468,143.273460138969,185.34379490495,58.0829285659798,146.849724523367,97,0.709491666666601
"65D",23,"65D_15",15,21.3920092323549,0.124862634233776,21.3004428571429,21.7006333333333,294.542009232355,87.6592038329669,163.202655418899,131.860073304408,195.043872739686,96,0.400190476190399
"65D",23,"65D_20",20,24.3855021009896,0.0291867478825241,24.3457892857143,24.4500296296296,297.53550210099,117.296169992584,194.240278534613,125.65497200457,199.900918451723,96,0.104240343915301
"65D",23,"65D_25",25,27.7393687582387,0.046809952444339,27.6948444444444,27.8343466666667,300.889368758239,165.403363429016,245.262841547959,122.11168893404,218.479181375579,96,0.139502222222301
"65D",23,"65D_30",30,30.3338142422525,0.0451444778841494,30.2822259259259,30.4045387096774,303.483814242252,200.97807721214,266.480461865763,111.876842429849,218.860364166763,96,0.1223127837515
"65D",23,"65D_35",35,32.687477191538,0.076154635092939,32.5891392857143,32.8264888888889,305.837477191538,235.904614723904,292.942264309481,102.067255437084,232.315892584696,96,0.2373496031746
"65D",23,"65D_40",40,36.2399716521575,0.112142628206769,36.1176444444445,36.457062962963,309.389971652157,268.273351151156,316.294967904754,79.9273902708361,265.217161799891,96,0.339418518518499
"67D",23,"67D_20",20,23.8435969035934,0.0905647601621193,23.7599392857143,24.0392166666667,296.993596903593,107.749903648499,181.203794754705,122.681630706929,191.392264044992,96,0.279277380952401
"67D",23,"67D_25",25,27.0389832515503,0.0786552827118917,26.9714407407407,27.2194741935484,300.18898325155,140.894825003845,203.810108508516,112.350140600939,186.571264837343,96,0.2480334528077
"67D",23,"67D_30",30,30.6210487582424,0.170088465017024,30.47945,31.0162290322581,303.771048758242,194.483076117853,231.198193211304,104.960655468372,188.63654608555,96,0.536779032258099
"67D",23,"67D_35",35,33.0008029710358,0.101699481193553,32.9092857142857,33.19552,306.150802971036,231.785465810216,245.340505539167,97.0049678656261,194.379948902106,96,0.286234285714301
"67D",23,"67D_40",40,35.3085404579971,0.120069804743476,35.1823357142857,35.5926857142857,308.458540457997,269.464828936113,261.609372397212,88.4590885421785,212.890843118419,96,0.410350000000001
"68D",23,"68D_20",20,24.9094341408935,0.0957205856929736,24.7957692307692,25.10535625,298.059434140893,243.167450161677,320.078278510821,245.642665832446,321.419429456049,97,0.309587019230801
"68D",23,"68D_25",25,27.5549325731185,0.049335577117766,27.4912692307692,27.6439133333333,300.704932573118,273.968675690307,366.641468585312,206.400803257686,328.896490791474,97,0.1526441025641
"68D",23,"68D_30",30,30.2619948081693,0.096429768608429,30.1701846153846,30.5104153846154,303.411994808169,324.446763325702,415.343121018668,182.012469795846,341.713228094283,96,0.3402307692308
"68D",23,"68D_35",35,32.8454185595524,0.110697760004111,32.6562875,33.0861461538462,305.995418559552,393.007466581486,462.789572733201,167.211854520444,366.790384934671,96,0.429858653846203
"68D",23,"68D_40",40,35.5804071813281,0.310989659840617,35.2282076923077,36.2647384615385,308.730407181328,353.883472959973,366.972931877761,112.922298875684,300.8854303691,97,1.0365307692308
"69D",23,"69D_15",15,23.3694555410562,0.023276424318866,23.3325571428571,23.4185846153846,296.519455541056,195.920078559057,283.064089804077,235.330460300405,305.989013893337,192,0.0860274725274977
"69D",23,"69D_20",20,25.643966596936,0.0365900887232969,25.5883769230769,25.7137538461538,298.793966596936,247.272281962776,322.714061622935,230.132453413159,313.43869611689,192,0.1253769230769
"69D",23,"69D_25",25,28.6935708529361,0.0413765055633062,28.63685,28.7762083333333,301.843570852936,310.435221749698,361.83679154167,206.462094177157,311.581672499767,192,0.139358333333302
"69D",23,"69D_30",30,31.742310787357,0.0565252843680729,31.6606769230769,31.8620846153846,304.892310787357,380.692279212215,390.975858258643,182.167017430552,312.719988464475,194,0.201407692307701
"69D",23,"69D_35",35,34.2870126491434,0.061106974106808,34.2108384615385,34.4484307692308,307.437012649143,405.421841055745,397.118105017298,148.128184809235,316.87257333754,192,0.237592307692296
"69D",23,"69D_40",40,36.352315150622,0.0673865024408613,36.2568846153846,36.4851153846154,309.502315150622,426.254534645016,407.987097576005,125.523117010914,343.620295027372,192,0.228230769230798
"6D",37,"6D_15",15,21.3195856427904,0.0288621117797049,21.2798384615385,21.3812714285714,294.46958564279,68.0032637802378,128.792443874431,103.145268922252,154.501941204517,96,0.101432967032899
"6D",37,"6D_20",20,24.7183469081259,0.0179778574263734,24.67174,24.7580076923077,297.868346908126,127.533812770584,173.729278889059,131.617214335012,176.013820735373,98,0.0862676923077004
"6D",37,"6D_25",25,27.4376178462206,0.223802840535244,26.9888333333333,27.7674692307692,300.587617846221,115.807519410522,151.957028475179,88.3789300866865,136.930997384331,96,0.778635897435901
"6D",37,"6D_30",30,30.1716029756181,0.0987224648950099,30.0730461538462,30.4385923076923,303.321602975618,189.21192805016,224.256855933917,107.187748078588,184.913741860113,96,0.3655461538461
"6D",37,"6D_35",35,32.5251186708734,0.107322379586675,32.3722076923077,32.7748769230769,305.675118670873,237.936573383341,259.91534168042,104.738534159987,206.304848707402,96,0.402669230769206
"6D",37,"6D_40",40,34.52660882202,0.0503702035937412,34.4627583333333,34.6535153846154,307.67660882202,301.849259950711,300.108536257635,107.544655828155,240.289630799303,96,0.190757051282105
"70D",23,"70D_25",25,28.3895162801435,0.0364448971400492,28.3315692307692,28.4725538461538,301.539516280143,294.780250523584,308.762516813514,202.668010413949,268.646196025801,96,0.1409846153846
"70D",23,"70D_30",30,31.0065784812224,0.10331584857317,30.8804846153846,31.2295692307692,304.156578481222,268.856123991212,254.195093399091,139.205411912512,205.762944456851,97,0.349084615384601
"70D",23,"70D_35",35,34.05834732917,0.0806927057851769,33.9605076923077,34.2460583333333,307.20834732917,363.198974777366,286.225477377118,135.932775535105,227.787232100698,97,0.285550641025601
"70D",23,"70D_40",40,36.4912582948624,0.184211829674863,36.3133,36.8870846153846,309.641258294862,376.902917412498,303.564460632252,109.402444223258,257.140033626549,97,0.573784615384604
"71D",23,"71D_20",20,24.4717724582848,0.0147709007615671,24.4491666666667,24.5136444444444,297.621772458285,202.825589289708,280.953594450741,215.186002163276,287.963489964777,96,0.0644777777777001
"71D",23,"71D_25",25,28.1421073426655,0.96401986538414,27.743737037037,31.1556888888889,301.292107342665,291.127761278445,344.661901286462,205.647486795696,302.514014385755,109,3.4119518518519
"71D",23,"71D_30",30,31.0205985644448,0.129730161435951,30.1723928571429,31.151562962963,304.170598564445,350.230134449762,373.881248662154,181.06548135188,302.564158595125,179,0.979170105820099
"71D",23,"71D_35",35,34.1337907968133,0.0454615362667261,34.0745259259259,34.2700392857143,307.283790796813,412.994644476151,392.182994248276,153.346840746541,312.361480478658,96,0.1955133597884
"71D",23,"71D_40",40,37.0769903785306,0.0493458664473892,37.014675,37.2065964285714,310.226990378531,485.90567129775,421.718462005982,132.749594679689,367.074280417341,96,0.191921428571405
"72D",23,"72D_15",15,21.7059936234757,0.0621720145253552,21.6159607142857,21.8141178571429,294.855993623476,159.499777667649,220.29656049763,231.458230549095,259.024325714445,96,0.198157142857202
"72D",23,"72D_20",20,24.8001027002157,0.173116422163204,24.6725285714286,25.2289935483871,297.950102700216,221.205088602632,264.754681872969,226.207372096215,267.216042031702,96,0.556464976958498
"72D",23,"72D_25",25,27.6174885446719,0.0285931667982548,27.5779607142857,27.6702,300.767488544672,220.173873892429,268.684040833939,164.736994839164,240.448516213897,96,0.0922392857142995
"72D",23,"72D_30",30,30.7994356145227,0.0590557949301361,30.7140142857143,30.9085,303.949435614523,282.396279532667,299.075172807452,149.508318751949,243.092283478965,96,0.194485714285701
"72D",23,"72D_35",35,33.5342525197321,0.0658895397051534,33.4456185185185,33.6928222222222,306.684252519732,330.598391380648,315.262187110577,130.763923905749,249.956391601024,96,0.247203703703697
"72D",23,"72D_40",40,35.6612222194696,0.0880020564142639,35.5137428571429,35.8356678571429,308.81122221947,349.591470385313,323.597871936608,110.617011380792,265.966152228557,96,0.321925
"73D",30,"73D_15",15,24.304724617556,0.111193252630998,24.1988769230769,24.51926875,297.454724617556,66.8392456908637,100.088952173842,72.2547604257991,103.401640159555,97,0.3203918269231
"73D",30,"73D_20",20,26.9590634633322,0.0726240299576559,26.8536615384615,27.1251,300.109063463332,87.2508810775981,115.171247953153,70.1902904257746,105.77031527311,97,0.271438461538501
"73D",30,"73D_25",25,28.9000579650298,0.105878882902322,28.7765076923077,29.1632923076923,302.05005796503,101.732562220605,126.442182697217,66.1537982894278,108.145499081,96,0.386784615384599
"73D",30,"73D_40",40,36.9790768555757,0.273876406351704,36.5785461538462,37.4570615384615,310.129076855576,214.212467843067,138.167381004243,59.1177921352099,119.677128554384,97,0.878515384615305
"74D",30,"74D_15",15,20.7251785834588,0.00982260018174779,20.7024296296296,20.7413777777778,293.875178583459,51.6300320311392,105.645187609029,83.842937627117,130.748577062528,96,0.0389481481482008
"74D",30,"74D_20",20,23.9409929275023,0.209566047026876,23.7441857142857,24.42074,297.090992927502,85.0062245521363,134.779486763257,95.7302980145962,141.68871270631,192,0.6765542857143
"74D",30,"74D_25",25,26.900101188523,0.0390758820050377,26.8554107142857,26.988137037037,300.050101188523,102.696086336761,150.760807004621,83.1547510038129,138.786655131729,192,0.132726322751299
"74D",30,"74D_30",30,29.901052991259,0.101329347880004,29.7906642857143,30.1707148148148,303.051052991259,133.815819727761,170.357195187855,78.056071332078,141.455260166255,192,0.380050529100501
"74D",30,"74D_35",35,33.0759303951435,0.112686025973903,32.9757633333333,33.3814259259259,306.225930395143,178.857867920119,193.60235469571,74.2604106209183,153.376101937557,192,0.405662592592606
"74D",30,"74D_40",40,35.4457545381991,0.200467473481888,35.2589357142857,35.9335821428571,308.595754538199,213.184874292361,206.829002057128,68.9883143459404,168.930625249473,192,0.6746464285714
"75D",30,"75D_15",15,27.6696319975335,0.019586351292543,27.6391964285714,27.7205333333333,300.819631997534,138.625590085816,185.486460938326,103.129157838558,165.665783686058,192,0.0813369047619013
"75D",30,"75D_20",20,27.6254543256669,0.0289528851652953,27.5894518518519,27.6810333333333,300.775454325667,145.852138126092,188.775532995248,109.033040860547,168.886256988608,192,0.0915814814813984
"75D",30,"75D_25",25,28.244977289055,0.182772655212687,28.0736296296296,28.6643533333333,301.394977289055,161.92999740395,200.742094692126,113.10400822195,175.548778179643,192,0.590723703703699
"75D",30,"75D_30",30,31.1977044185464,0.0616107706723086,31.1374892857143,31.3103821428571,304.347704418546,197.046403217282,219.321307986841,99.9525558198287,176.910059068971,192,0.172892857142802
"75D",30,"75D_35",35,34.0682831715553,0.0583875449483187,33.9762071428571,34.17169,307.218283171555,236.822132166478,236.634345578045,88.541629312921,188.340182814111,192,0.195482857142899
"75D",30,"75D_40",40,36.2560992786456,0.0890600069227034,36.0475266666667,36.3876142857143,309.406099278646,293.059030264319,254.683937625244,87.1657955008326,213.689006086529,192,0.340087619047601
"76D",30,"76D_15",15,19.8964295591591,0.093159599187515,19.8009178571429,20.0991870967742,293.046429559159,64.6433540607122,136.662418289942,115.510228357343,176.7598425396,97,0.298269239631303
"76D",30,"76D_20",20,23.6503973469015,0.0506110322985907,23.5949,23.7566433333333,296.800397346901,92.2633004517844,166.742897702381,107.362082627879,177.780655607786,97,0.161743333333302
"76D",30,"76D_25",25,27.5845503038977,0.111453830147898,27.4867333333333,27.8355666666667,300.734550303898,139.07013803982,204.388184954574,104.431344883729,183.139250910545,97,0.348833333333399
"76D",30,"76D_30",30,31.0038929110923,0.0534126324820833,30.9546142857143,31.1155766666667,304.153892911092,190.382798024459,230.926182507585,98.6027846138103,186.937104540471,97,0.160962380952402
"76D",30,"76D_35",35,34.0914654475369,0.0702571956577967,34.0014074074074,34.1976709677419,307.241465447537,241.854185270623,245.502962775204,90.2025594597601,195.446025507974,97,0.196263560334501
"76D",30,"76D_40",40,36.649360672575,0.0557806523783596,36.5764857142857,36.7452068965517,309.799360672575,296.471861121175,255.325472355632,84.6579673320128,217.765204352559,97,0.168721182265998
"77D",30,"77D_20",20,23.8381112080827,0.0165586275313147,23.7991740740741,23.8758740740741,296.988111208083,124.0340800036,213.217871668444,141.309739584074,225.266255143346,97,0.0767000000000024
"77D",30,"77D_25",25,27.527460609383,0.0263083162960135,27.4873357142857,27.5873592592593,300.677460609383,174.469616824647,255.010983854672,131.838305043195,228.999341392007,97,0.100023544973602
"77D",30,"77D_30",30,31.3627281426004,0.227597148956595,31.1664111111111,31.9390322580645,304.5127281426,231.193586208359,297.79544298626,115.216938510199,239.535044499704,97,0.772621146953401
"77D",30,"77D_35",35,34.2434178002158,0.0290034311001226,34.2118666666667,34.3069444444444,307.393417800216,301.768691073313,334.972836446109,110.763235728087,267.137963265526,97,0.0950777777776963
"77D",30,"77D_40",40,37.2648043978527,0.0700787393548319,37.18205,37.377925,310.414804397853,431.523996131022,402.747812207269,115.629577809402,354.008126651204,97,0.195875000000001
"78D",30,"78D_15",15,21.6649272442662,0.124879826390323,21.5457259259259,21.9623333333333,294.814927244266,94.0809104640588,141.244393339563,137.168040738432,166.427890284766,192,0.416607407407401
"78D",30,"78D_20",20,24.7395960100303,0.0501972711082852,24.6770037037037,24.8189766666667,297.88959601003,120.004460826956,169.191987620245,123.552405910696,171.246937563791,192,0.141972962962999
"78D",30,"78D_25",25,27.7237952964916,0.0357439707028056,27.6794857142857,27.7898333333333,300.873795296492,169.244066502775,208.87946879388,125.160931739032,186.178024760159,192,0.110347619047598
"78D",30,"78D_30",30,30.665713656802,0.0352707696901736,30.6156518518519,30.7276592592593,303.815713656802,227.321275477593,240.928948323145,122.094503792299,196.384804408203,192,0.1120074074074
"78D",30,"78D_35",35,33.3392926316903,0.111150440094788,33.2023821428571,33.5904214285714,306.48929263169,291.526994352816,271.076366513673,117.711155189095,214.791859127299,192,0.388039285714306
"78D",30,"78D_40",40,35.5380159736951,0.161506697174322,35.3896321428571,35.9373357142857,308.688015973695,325.676500346111,276.152373642737,104.381993080944,226.140653528198,192,0.547703571428599
"79D",30,"79D_20",20,23.7749075284665,0.0270728821327358,23.7405892857143,23.8407111111111,296.924907528466,131.184090061984,209.440850047944,150.523921496631,221.95541345043,192,0.100121825396801
"79D",30,"79D_25",25,27.0475301930358,0.0339130828641126,27.0103214285714,27.1174407407407,300.197530193036,194.971556504248,263.776850647785,155.324694345922,241.382895148658,192,0.107119312169299
"79D",30,"79D_30",30,30.2842597575845,0.13269553491569,30.151137037037,30.5731821428571,303.434259757584,257.211750894076,310.354865565049,143.947713877631,255.198604020934,192,0.4220451058201
"79D",30,"79D_35",35,33.3440264671808,0.148504701620438,33.1549928571429,33.6489964285714,306.494026467181,348.312744272958,364.592388404169,140.569377432384,288.893722795377,192,0.4940035714285
"79D",30,"79D_40",40,35.6501465259137,0.125615731709235,35.4991,35.9557703703704,308.800146525914,387.508543487862,384.535637261283,122.756256598922,315.944378024043,192,0.456670370370404
"7D",37,"7D_20",20,24.1015804536783,0.293426132078733,23.7962615384615,24.7642375,297.251580453678,72.2555767269562,103.84747910177,79.9138394435003,108.330677444408,96,0.9679759615385
"80D",30,"80D_15",15,22.375357523177,0.0340481601048753,22.3150692307692,22.4552846153846,295.525357523177,142.958059515752,176.635811180928,192.2065941188,200.684780111211,97,0.140215384615399
"80D",30,"80D_20",20,25.3847842424757,0.0707508577454765,25.2750153846154,25.5342846153846,298.534784242476,197.338215276774,216.728684742856,189.040029555078,212.95845366068,97,0.259269230769199
"80D",30,"80D_25",25,28.5143575485726,0.0544417840504916,28.4416153846154,28.6499230769231,301.664357548573,286.726568718639,293.295974944891,194.460586260093,254.093072013504,97,0.208307692307699
"80D",30,"80D_30",30,31.6632700226578,0.0578569430566309,31.5694846153846,31.7963230769231,304.813270022658,351.988180328313,319.2543979327,169.861259619252,255.628367961619,97,0.226838461538499
"80D",30,"80D_35",35,34.4015209421378,0.0635812380307625,34.3087692307692,34.5121,307.551520942138,416.383772319193,340.77187677019,150.31338748532,272.335176873349,97,0.203330769230796
"80D",30,"80D_40",40,36.2348810803973,0.142245753687751,36.0505153846154,36.5526769230769,309.384881080397,398.879995368142,318.293953594476,118.902196440463,266.840922250891,97,0.5021615384615
"81D",30,"81D_15",15,22.4143633793569,0.0295557913690491,22.3678538461538,22.4713923076923,295.564363379357,82.4631051737787,132.872610834019,110.380417644476,150.664545005597,97,0.103538461538502
"81D",30,"81D_20",20,25.179718047232,0.0364249875278552,25.1365153846154,25.2874230769231,298.329718047232,106.650056556424,152.229439816346,104.529995301254,150.980095955289,97,0.150907692307701
"81D",30,"81D_25",25,28.283015684333,0.0602961576660225,28.2077076923077,28.4380461538462,301.433015684333,144.917657494311,177.792579217072,100.801033997517,155.270581581589,96,0.230338461538501
"81D",30,"81D_30",30,31.292511233879,0.114590551834779,31.1742384615385,31.5472923076923,304.442511233879,195.681440155262,198.41529722885,98.2559899561645,159.784327564202,96,0.373053846153798
"81D",30,"81D_35",35,33.8216617330109,0.263308683764442,33.57548,34.3486461538462,306.971661733011,236.999310610816,211.92341573851,90.9407542818965,168.304752488847,96,0.773166153846198
"81D",30,"81D_40",40,34.8622286720658,0.163350403443313,34.6958692307692,35.16595,308.012228672066,266.972466460782,216.078076278422,91.8291918222436,174.050734395684,96,0.470080769230805
"82D",30,"82D_15",15,20.6393671145298,0.147000125533159,20.4409148148148,20.9593833333333,293.78936711453,51.8823549323163,104.758572534044,85.0889783669115,130.240377261797,96,0.5184685185185
"82D",30,"82D_20",20,24.3765187883363,0.258749895211081,24.0927518518519,24.93109,297.526518788336,79.4177429217002,127.849871351183,85.1630776941846,131.631782195453,97,0.8383381481481
"82D",30,"82D_25",25,27.0088607309305,0.024708592396348,26.9653571428571,27.0635037037037,300.15886073093,91.4716556456347,141.002203407357,73.1826158993968,129.232496627379,96,0.0981465608465975
"82D",30,"82D_30",30,29.9830878538994,0.122699680973747,29.8416777777778,30.3354,303.133087853899,122.830926846735,162.699652464666,71.0154664940003,134.804316257539,96,0.4937222222222
"82D",30,"82D_35",35,33.1572492489791,0.306603443146795,32.8914620689655,33.8483555555555,306.307249248979,158.077374433678,178.936629745888,65.0694928633729,141.754516675389,96,0.956893486589998
"82D",30,"82D_40",40,35.8530376461412,0.389214600116746,35.4853322580645,36.6711333333333,309.003037646141,194.385689499417,205.536592850419,60.290645985936,169.967483882473,96,1.1858010752688
"83D",30,"83D_15",15,22.969067884521,0.286768821427278,22.6832615384615,23.62504,296.119067884521,111.013480794818,188.434225318386,139.525928532427,207.781708604147,97,0.941778461538497
"83D",30,"83D_20",20,25.0814277103867,0.0428288655026257,25.0397384615385,25.2210307692308,298.231427710387,130.179331085206,192.480703439841,129.000012512009,191.761550461825,97,0.181292307692299
"83D",30,"83D_25",25,27.8136202673325,0.12144369643693,27.7096230769231,28.1547615384615,300.963620267332,161.488784486798,217.462198969749,118.254187486635,193.176910127205,96,0.445138461538399
"83D",30,"83D_30",30,30.662427490276,0.217156766929575,30.46766,31.1830461538462,303.812427490276,205.532060393164,245.181959171415,110.430555755147,199.865706716372,97,0.7153861538462
"83D",30,"83D_35",35,33.7220868245157,0.228525882288147,33.298875,34.1685692307692,306.872086824516,262.591129334281,261.712008389475,101.824796771961,207.703723584428,97,0.869694230769198
"83D",30,"83D_40",40,36.5652600382994,0.231853398192351,36.3193307692308,36.9436769230769,309.715260038299,299.948795237099,283.970862904502,86.4001185459359,241.3047371458,96,0.624346153846098
"84D",30,"84D_25",25,27.0466070935408,0.0304138182261642,26.9850785714286,27.1214857142857,300.196607093541,187.141395235479,297.653558143961,149.101948793014,272.393664860334,97,0.136407142857102
"84D",30,"84D_30",30,30.7173932075507,0.0153917211586475,30.6852518518519,30.7521111111111,303.867393207551,241.922329424992,344.523769437189,129.215922591893,280.515511312859,97,0.0668592592591999
"84D",30,"84D_35",35,34.0466995833234,0.0459793222463157,33.995262962963,34.1401032258064,307.196699583323,322.7408734715,384.973989883939,120.938954100133,306.338369358258,97,0.144840262843402
"84D",30,"84D_40",40,37.1219527320564,0.096480873652783,37.0189185185185,37.3171620689655,310.271952732056,405.922300542631,407.526274533195,110.384512709557,355.535983724052,97,0.298243550447005
"85D",30,"85D_25",25,27.1923433313382,0.111157040850399,27.0320821428571,27.3972533333333,300.342343331338,143.059679252915,193.117876722002,112.164302216854,175.703768739789,193,0.3651711904762
"85D",30,"85D_30",30,29.7739389508913,0.533780135055758,29.1373615384615,30.5239481481481,302.923938950891,171.539857042126,209.449638037479,101.447241114368,174.514887284761,193,1.3865866096866
"86D",30,"86D_15",15,20.8364947603117,0.120449750023006,20.6739555555556,21.0867466666667,293.986494760312,65.6813573019798,120.946239505452,105.304147762345,148.80948206392,96,0.412791111111098
"86D",30,"86D_20",20,24.225960433777,0.142358414823666,24.0969,24.54282,297.375960433777,96.2107433050842,147.890187873904,104.930431158751,153.359401399529,96,0.445919999999997
"86D",30,"86D_25",25,27.4692476059096,0.280320979810236,27.2454407407407,28.1294225806452,300.61924760591,137.791267053258,181.054651578257,104.790761333373,162.951763448164,96,0.8839818399045
"86D",30,"86D_30",30,30.174322423062,0.163647282607184,30.0278964285714,30.53049,303.324322423062,179.753951488761,212.26277609001,101.799938610173,175.011995837101,96,0.502593571428601
"86D",30,"86D_35",35,32.9161462960121,0.173312733229358,32.7285714285714,33.31765,306.066146296012,231.748345203754,237.312801124312,97.8641457411947,188.04989308197,96,0.589078571428601
"86D",30,"86D_40",40,35.4951150753734,0.0879264349787073,35.3141142857143,35.6430178571429,308.645115075373,288.28441504891,268.929249194896,92.8119031561431,219.955544887218,96,0.328903571428604
"87D",30,"87D_15",15,22.731387862914,0.241795485701496,22.4695692307692,23.25696875,295.881387862914,125.794569781185,178.967311687279,162.423485489574,199.707206159777,96,0.787399519230799
"87D",30,"87D_20",20,25.3690447079136,0.0662905519385672,25.2778538461538,25.47538125,298.519044707914,130.750363336667,185.76530217027,125.472259810201,182.663499331997,96,0.197527403846202
"87D",30,"87D_25",25,28.2618307520604,0.0671417792327623,28.1858384615385,28.3938266666667,301.41183075206,164.728765098128,209.356533246607,114.846946677169,182.97293904116,96,0.207988205128203
"87D",30,"87D_30",30,31.2045053986821,0.0424052814813426,31.1561923076923,31.2876,304.354505398682,217.771307145845,236.858888897893,110.384774881471,191.033375624289,97,0.1314076923077
"87D",30,"87D_35",35,33.527460578974,0.0350941766042759,33.4878461538461,33.6078615384615,306.677460578974,241.535159220793,246.74328738294,95.6046968518314,195.625473746126,96,0.1200153846154
"87D",30,"87D_40",40,35.4436162461844,0.0294518719420712,35.3982,35.5021769230769,308.593616246184,287.388778438575,264.045202724207,93.0220398929346,215.650051960426,96,0.1039769230769
"88D",30,"88D_15",15,20.9952973091985,0.0121515620864737,20.9753428571429,21.0197888888889,294.145297309198,53.9235418173349,104.18024004537,84.8899283765377,127.11508693595,192,0.044446031746002
"88D",30,"88D_25",25,28.1827693055807,0.441004164286499,27.7615962962963,29.2680633333333,301.332769305581,151.671669601379,168.043559403731,106.662390694456,147.279412305601,192,1.506467037037
"88D",30,"88D_30",30,30.6768540887506,0.115329997312326,30.5766074074074,30.9186064516129,303.826854088751,146.753237571084,162.047651341101,78.7268456185034,132.055717076533,192,0.341999044205497
"88D",30,"88D_45",45,38.5991098481708,0.18501888141296,38.26663,38.9051142857143,311.749109848171,235.075710388546,152.163382540044,54.9242646908572,145.552793066687,192,0.638484285714298
"89D",30,"89D_15",15,24.0094078372539,0.0977182261143232,23.8656307692308,24.1784307692308,297.159407837254,108.518635146285,162.7723743119,121.271422029269,170.553179199829,96,0.312799999999999
"89D",30,"89D_25",25,28.9051210474019,0.130985189575844,28.7492769230769,29.1699846153846,302.055121047402,163.601683623861,168.214483200964,106.326878945211,143.849667868227,97,0.420707692307701
"89D",30,"89D_30",30,31.8945138781107,0.181278133918242,31.6598538461539,32.2834875,305.044513878111,191.13480990899,178.929618428493,89.9855245596575,142.841652112996,97,0.623633653846099
"89D",30,"89D_35",35,34.2935218594464,0.0577060433750319,34.2157461538462,34.39729375,307.443521859446,203.544165717465,183.670034276131,74.3176559046174,146.568214797852,97,0.181547596153806
"89D",30,"89D_40",40,36.2198126361826,0.046141515364671,36.1492538461538,36.3079307692308,309.369812636183,234.597447814197,196.382143854497,70.0406795502533,164.541135998502,97,0.158676923077003
"90D",30,"90D_15",15,22.4166971134965,0.0525813960381735,22.3338,22.5160461538462,295.566697113496,85.0896453745401,151.070105313746,113.865922254841,171.278439635436,97,0.182246153846201
"90D",30,"90D_20",20,25.5683875055804,0.0852913879248609,25.39052,25.7070076923077,298.71838750558,113.611830360523,169.157941734042,106.630272924181,164.850450779834,96,0.316487692307703
"90D",30,"90D_25",25,27.9995891601324,0.106662827572418,27.9191076923077,28.3136307692308,301.149589160132,142.73033293949,180.818266090886,102.408273322347,159.52711001747,96,0.3945230769231
"90D",30,"90D_30",30,30.8486604569454,0.0921334711844537,30.7380923076923,31.0973916666667,303.998660456945,183.207122546994,193.141988326311,96.4827221403806,156.830140912995,192,0.3592993589744
"90D",30,"90D_35",35,33.2112031996432,0.094240054181493,33.0789076923077,33.3770583333333,306.361203199643,192.812537411836,189.515131098834,78.9153670661448,150.138435127627,96,0.2981506410256
"90D",30,"90D_40",40,35.7948944815991,0.144032973514958,35.6448923076923,36.1997153846154,308.944894481599,230.3783028472,194.60506433178,71.8878986099507,160.621084433255,96,0.5548230769231
"90D",30,"90D_45",45,38.344719475208,0.177228053369379,38.0916625,38.7584769230769,311.494719475208,276.217255462722,206.446431368381,66.23892805864,193.921815676603,96,0.6668144230769
"91D",30,"91D_15",15,23.7414954514558,0.243455852768793,23.4851461538462,24.2616666666667,296.891495451456,55.4522650950428,96.1000895367205,63.8674271224657,102.007820080911,97,0.7765205128205
"91D",30,"91D_20",20,26.3667704411654,0.34426172633808,26.0642923076923,27.10478125,299.516770441165,72.0268255841729,110.227323163362,61.864225787118,103.747553735087,97,1.0404889423077
"91D",30,"91D_25",25,28.6038210424455,0.285333772312411,28.3520230769231,29.20362,301.753821042446,86.8721198304987,122.179216220193,58.3448380911487,105.527101562789,97,0.851596923076901
"92D",30,"92D_15",15,20.6856983003219,0.0568885446911754,20.6405259259259,20.8515548387097,293.835698300322,70.3789188590424,141.756077060564,114.81005078523,175.80626435899,96,0.211028912783799
"92D",30,"92D_20",20,23.9455411212632,0.158610651226613,23.7758074074074,24.3027483870968,297.095541121263,98.7200604643128,168.371343874657,111.117306257845,176.963742741936,96,0.5269409796894
"92D",30,"92D_25",25,26.9601775827201,0.15391965634774,26.830225,27.3179129032258,300.11017758272,131.389978120163,194.058324068332,105.685661828816,178.210139482267,96,0.487687903225801
"92D",30,"92D_30",30,29.9285696480446,0.115246170077686,29.8094777777778,30.1579566666667,303.078569648045,170.833873670099,220.096292647228,99.3528313132138,182.622187805541,96,0.348478888888899
"92D",30,"92D_35",35,32.8711923747626,0.0746108772643724,32.7506535714286,33.0324,306.021192374763,211.017159070953,248.082245093491,89.5356815194268,196.606321719712,96,0.281746428571402
"92D",30,"92D_40",40,35.9265432989152,0.19745154751833,35.6858148148148,36.3583607142857,309.076543298915,267.385064888121,283.40125372982,82.3002448048048,234.938741326914,96,0.672545899470904
"93D",30,"93D_15",15,24.8777767942041,0.0962189384166753,24.7745,25.07004,298.027776794204,73.0155655489958,114.727473652156,74.0204795859098,115.377208320971,192,0.295539999999999
"93D",30,"93D_20",20,27.1596576395089,0.125600214593199,27.0563692307692,27.5048923076923,300.309657639509,83.8628630900544,105.002437639413,65.9889311466713,95.6581417230904,192,0.448523076923102
"93D",30,"93D_25",25,28.6112696706635,0.0528173677612807,28.5330583333333,28.7165384615385,301.761269670664,119.339163442365,140.400656930271,80.0851454793966,121.234620744731,192,0.183480128205201
"93D",30,"93D_30",30,31.750465239383,0.14456427434331,31.6009769230769,32.1139076923077,304.900465239383,203.348444216897,207.269065933568,97.2205236144584,165.765204063947,192,0.512930769230799
"93D",30,"93D_35",35,33.6311456978785,0.148259239435939,33.4412692307692,33.9256,306.781145697879,235.263292349145,211.061030940208,92.1078686944408,167.417180977219,192,0.484330769230802
"93D",30,"93D_40",40,34.1204673500935,0.120657268018031,33.9706538461539,34.4279923076923,307.270467350093,209.332862861119,205.420271640231,77.8353405835227,163.586893063622,192,0.457338461538399
"95D",30,"95D_15",15,26.5078916310046,0.0981132770817011,26.4290892857143,26.70955,299.657891631005,126.464753816197,167.567017127383,106.937217545843,156.78001479645,192,0.280460714285699
"95D",30,"95D_20",20,26.9682904480045,0.0419984400280995,26.9277888888889,27.07282,300.118290448004,146.560829589214,176.832995395417,117.783105378364,162.338236543331,192,0.145031111111098
"95D",30,"95D_25",25,28.2064334233698,0.164280570450532,28.0396333333333,28.5731870967742,301.35643342337,150.667504980615,180.177817447143,105.682180734112,157.781149841827,192,0.533553763440899
"95D",30,"95D_30",30,31.1811397439542,0.194892114933113,31.035637037037,31.68841,304.331139743954,163.79652618145,181.840490155722,83.2342220024129,146.720208147451,192,0.652772962963002
"95D",30,"95D_35",35,33.5678386975546,0.0736173315915763,33.5004481481481,33.7045551724138,306.717838697555,184.845319747699,189.221500456758,72.8542173645769,150.046864520823,192,0.204107024265696
"95D",30,"95D_40",40,36.5055553075541,0.0675836958289942,36.4179928571429,36.6336766666667,309.655555307554,253.094034577114,215.462329827579,73.3560436972693,182.621866857601,192,0.215683809523803
"96D",30,"96D_40",40,37.9387809573954,0.116019926960952,37.8090888888889,38.226337037037,311.088780957395,398.082367460628,373.589210468655,99.5210731941091,341.57689899068,97,0.417248148148097
"97D",30,"97D_20",20,26.3437934719837,0.160744745798985,26.1723153846154,26.7722466666667,299.493793471984,98.7818838049239,129.422611029036,85.0605298808128,121.933320997756,96,0.599931282051301
"97D",30,"97D_25",25,28.9338598353556,0.233313415051469,28.6030538461539,29.44334375,302.083859835356,117.119765857749,139.084026904254,75.8798007851246,118.828571740941,96,0.840289903846099
"97D",30,"97D_35",35,32.000490475388,0.129410485434382,31.8377416666667,32.23728,305.150490475388,164.698959906376,155.831466353128,76.6672975280275,124.250830844238,97,0.399538333333297
"98D",30,"98D_15",15,21.2475503309389,0.141982192916998,21.0665392857143,21.5043,294.397550330939,85.0833689033331,144.680719162042,130.121911979521,174.215381654922,96,0.437760714285702
"98D",30,"98D_20",20,24.2846527967932,0.086344573156511,24.1516074074074,24.4462533333333,297.434652796793,113.123488233547,178.638323893233,122.565104347948,184.727149012496,96,0.294645925925899
"98D",30,"98D_25",25,26.9770555362991,0.0239283015203087,26.9412777777778,27.0187821428571,300.127055536299,136.723954134736,195.876420246828,109.771531000942,179.756958596945,96,0.0775043650792995
"98D",30,"98D_30",30,29.8350038911318,0.042492109549281,29.7912222222222,29.9193555555556,302.985003891132,186.286632193294,229.262447070378,109.442357157678,190.705242421546,96,0.128133333333402
"98D",30,"98D_35",35,33.8124255630509,0.0424385019098787,33.7526357142857,33.898924137931,306.962425563051,158.774219241968,142.295284155264,60.9838005473268,112.999976744904,96,0.146288423645295
"98D",30,"98D_40",40,37.0068802905519,0.168609258485876,36.8290888888889,37.3766928571429,310.156880290552,212.091636446886,168.063885152889,58.3645995685243,145.773118185488,96,0.547603968254002
"99D",30,"99D_15",15,21.1102863320908,0.0877097849193297,20.9468892857143,21.2251222222222,294.260286332091,92.5305935178043,154.48562503757,143.757169096745,187.361910521388,192,0.278232936507901
"99D",30,"99D_20",20,23.9412291634205,0.165793268750982,23.7790074074074,24.299935483871,297.09122916342,99.3838470269212,165.511624282,111.918771762492,173.994293387144,192,0.520928076463601
"99D",30,"99D_25",25,27.1760664524982,0.11676957928139,27.0666714285714,27.3807,300.326066452498,150.889663712817,213.10308599617,118.515649770567,194.012168720387,192,0.314028571428601
"99D",30,"99D_30",30,31.1673337742504,0.129079469913478,31.0435571428571,31.4481548387097,304.31733377425,198.518892182792,217.682865954056,101.028160663795,175.683378943464,192,0.404597695852601
"99D",30,"99D_35",35,33.817619738779,0.0731398677357134,33.7382185185185,33.9857483870968,306.967619738779,239.358850385697,236.760349810693,91.8853102872709,188.024051718974,192,0.247529868578297
"99D",30,"99D_40",40,36.3963999955102,0.178542589053595,36.2399851851852,36.7516518518518,309.54639999551,333.164544998024,284.967577037692,97.6624358532107,240.438357239299,192,0.511666666666599
